market,auction_date,auction_volume,clearing_price,currency,cover_ratio,reference_price,source,source_url,downloaded_at,notes
EUA,2024-01-15,3099500,63.5,EUR,1.72,,EEX EUA Primary Market Auction Report,https://public.eex-group.com/eex/eua-auction-report/emission-spot-primary-market-auction-report-2024-data.xlsx,2026-08-16T07:25Z,Official EEX public workbook parsed by build script; successful EUA primary auctions aggregated by auction date across EU.
EUA,2024-01-16,3099500,63.2,EUR,1.68,,EEX EUA Primary Market Auction Report,https://public.eex-group.com/eex/eua-auction-report/emission-spot-primary-market-auction-report-2024-data.xlsx,2026-08-16T07:25Z,Official EEX public workbook parsed by build script; successful EUA primary auctions aggregated by auction date across EU.
EUA,2024-01-17,2310000,62.96,EUR,1.92,,EEX EUA Primary Market Auction Report,https://public.eex-group.com/eex/eua-auction-report/emission-spot-primary-market-auction-report-2024-data.xlsx,2026-08-16T07:25Z,Official EEX public workbook parsed by build script; successful EUA primary auctions aggregated by auction date across PL.
EUA,2024-01-18,3099500,61.28,EUR,1.68,,EEX EUA Primary Market Auction Report,https://public.eex-group.com/eex/eua-auction-report/emission-spot-primary-market-auction-report-2024-data.xlsx,2026-08-16T07:25Z,Official EEX public workbook parsed by build script; successful EUA primary auctions aggregated by auction date across EU.
EUA,2024-01-19,1796000,61.93,EUR,2.15,,EEX EUA Primary Market Auction Report,https://public.eex-group.com/eex/eua-auction-report/emission-spot-primary-market-auction-report-2024-data.xlsx,2026-08-16T07:25Z,Official EEX public workbook parsed by build script; successful EUA primary auctions aggregated by auction date across DE.
EUA,2024-01-22,3099500,59.74,EUR,1.62,,EEX EUA Primary Market Auction Report,https://public.eex-group.com/eex/eua-auction-report/emission-spot-primary-market-auction-report-2024-data.xlsx,2026-08-16T07:25Z,Official EEX public workbook parsed by build script; successful EUA primary auctions aggregated by auction date across EU.
EUA,2024-01-23,3099500,60.55,EUR,1.64,,EEX EUA Primary Market Auction Report,https://public.eex-group.com/eex/eua-auction-report/emission-spot-primary-market-auction-report-2024-data.xlsx,2026-08-16T07:25Z,Official EEX public workbook parsed by build script; successful EUA primary auctions aggregated by auction date across EU.
EUA,2024-01-24,906000,62.0,EUR,1.85,,EEX EUA Primary Market Auction Report,https://public.eex-group.com/eex/eua-auction-report/emission-spot-primary-market-auction-report-2024-data.xlsx,2026-08-16T07:25Z,Official EEX public workbook parsed by build script; successful EUA primary auctions aggregated by auction date across EU.
EUA,2024-01-25,3099500,61.95,EUR,1.56,,EEX EUA Primary Market Auction Report,https://public.eex-group.com/eex/eua-auction-report/emission-spot-primary-market-auction-report-2024-data.xlsx,2026-08-16T07:25Z,Official EEX public workbook parsed by build script; successful EUA primary auctions aggregated by auction date across EU.
EUA,2024-01-26,1796000,61.95,EUR,2.07,,EEX EUA Primary Market Auction Report,https://public.eex-group.com/eex/eua-auction-report/emission-spot-primary-market-auction-report-2024-data.xlsx,2026-08-16T07:25Z,Official EEX public workbook parsed by build script; successful EUA primary auctions aggregated by auction date across DE.
EUA,2024-01-29,3099500,60.81,EUR,1.41,,EEX EUA Primary Market Auction Report,https://public.eex-group.com/eex/eua-auction-report/emission-spot-primary-market-auction-report-2024-data.xlsx,2026-08-16T07:25Z,Official EEX public workbook parsed by build script; successful EUA primary auctions aggregated by auction date across EU.
EUA,2024-01-30,3099500,59.82,EUR,1.57,,EEX EUA Primary Market Auction Report,https://public.eex-group.com/eex/eua-auction-report/emission-spot-primary-market-auction-report-2024-data.xlsx,2026-08-16T07:25Z,Official EEX public workbook parsed by build script; successful EUA primary auctions aggregated by auction date across EU.
EUA,2024-01-31,2310000,62.27,EUR,1.86,,EEX EUA Primary Market Auction Report,https://public.eex-group.com/eex/eua-auction-report/emission-spot-primary-market-auction-report-2024-data.xlsx,2026-08-16T07:25Z,Official EEX public workbook parsed by build script; successful EUA primary auctions aggregated by auction date across PL.
EUA,2024-02-01,3099500,61.09,EUR,1.25,,EEX EUA Primary Market Auction Report,https://public.eex-group.com/eex/eua-auction-report/emission-spot-primary-market-auction-report-2024-data.xlsx,2026-08-16T07:25Z,Official EEX public workbook parsed by build script; successful EUA primary auctions aggregated by auction date across EU.
EUA,2024-02-02,1796000,60.92,EUR,1.85,,EEX EUA Primary Market Auction Report,https://public.eex-group.com/eex/eua-auction-report/emission-spot-primary-market-auction-report-2024-data.xlsx,2026-08-16T07:25Z,Official EEX public workbook parsed by build script; successful EUA primary auctions aggregated by auction date across DE.
EUA,2024-02-05,3099500,60.68,EUR,1.65,,EEX EUA Primary Market Auction Report,https://public.eex-group.com/eex/eua-auction-report/emission-spot-primary-market-auction-report-2024-data.xlsx,2026-08-16T07:25Z,Official EEX public workbook parsed by build script; successful EUA primary auctions aggregated by auction date across EU.
EUA,2024-02-06,3099500,60.25,EUR,1.7,,EEX EUA Primary Market Auction Report,https://public.eex-group.com/eex/eua-auction-report/emission-spot-primary-market-auction-report-2024-data.xlsx,2026-08-16T07:25Z,Official EEX public workbook parsed by build script; successful EUA primary auctions aggregated by auction date across EU.
EUA,2024-02-08,3099500,59.85,EUR,1.57,,EEX EUA Primary Market Auction Report,https://public.eex-group.com/eex/eua-auction-report/emission-spot-primary-market-auction-report-2024-data.xlsx,2026-08-16T07:25Z,Official EEX public workbook parsed by build script; successful EUA primary auctions aggregated by auction date across EU.
EUA,2024-02-09,1796000,57.24,EUR,1.79,,EEX EUA Primary Market Auction Report,https://public.eex-group.com/eex/eua-auction-report/emission-spot-primary-market-auction-report-2024-data.xlsx,2026-08-16T07:25Z,Official EEX public workbook parsed by build script; successful EUA primary auctions aggregated by auction date across DE.
EUA,2024-02-12,3099500,55.84,EUR,1.49,,EEX EUA Primary Market Auction Report,https://public.eex-group.com/eex/eua-auction-report/emission-spot-primary-market-auction-report-2024-data.xlsx,2026-08-16T07:25Z,Official EEX public workbook parsed by build script; successful EUA primary auctions aggregated by auction date across EU.
EUA,2024-02-13,3099500,54.24,EUR,1.67,,EEX EUA Primary Market Auction Report,https://public.eex-group.com/eex/eua-auction-report/emission-spot-primary-market-auction-report-2024-data.xlsx,2026-08-16T07:25Z,Official EEX public workbook parsed by build script; successful EUA primary auctions aggregated by auction date across EU.
EUA,2024-02-14,2310000,54.07,EUR,2.09,,EEX EUA Primary Market Auction Report,https://public.eex-group.com/eex/eua-auction-report/emission-spot-primary-market-auction-report-2024-data.xlsx,2026-08-16T07:25Z,Official EEX public workbook parsed by build script; successful EUA primary auctions aggregated by auction date across PL.
EUA,2024-02-15,3099500,54.87,EUR,1.81,,EEX EUA Primary Market Auction Report,https://public.eex-group.com/eex/eua-auction-report/emission-spot-primary-market-auction-report-2024-data.xlsx,2026-08-16T07:25Z,Official EEX public workbook parsed by build script; successful EUA primary auctions aggregated by auction date across EU.
EUA,2024-02-16,1796000,55.12,EUR,1.8,,EEX EUA Primary Market Auction Report,https://public.eex-group.com/eex/eua-auction-report/emission-spot-primary-market-auction-report-2024-data.xlsx,2026-08-16T07:25Z,Official EEX public workbook parsed by build script; successful EUA primary auctions aggregated by auction date across DE.
EUA,2024-02-19,3099500,53.0,EUR,1.46,,EEX EUA Primary Market Auction Report,https://public.eex-group.com/eex/eua-auction-report/emission-spot-primary-market-auction-report-2024-data.xlsx,2026-08-16T07:25Z,Official EEX public workbook parsed by build script; successful EUA primary auctions aggregated by auction date across EU.
EUA,2024-02-20,3099500,51.8,EUR,1.72,,EEX EUA Primary Market Auction Report,https://public.eex-group.com/eex/eua-auction-report/emission-spot-primary-market-auction-report-2024-data.xlsx,2026-08-16T07:25Z,Official EEX public workbook parsed by build script; successful EUA primary auctions aggregated by auction date across EU.
EUA,2024-02-22,3099500,51.55,EUR,1.64,,EEX EUA Primary Market Auction Report,https://public.eex-group.com/eex/eua-auction-report/emission-spot-primary-market-auction-report-2024-data.xlsx,2026-08-16T07:25Z,Official EEX public workbook parsed by build script; successful EUA primary auctions aggregated by auction date across EU.
EUA,2024-02-23,1796000,49.5,EUR,1.73,,EEX EUA Primary Market Auction Report,https://public.eex-group.com/eex/eua-auction-report/emission-spot-primary-market-auction-report-2024-data.xlsx,2026-08-16T07:25Z,Official EEX public workbook parsed by build script; successful EUA primary auctions aggregated by auction date across DE.
EUA,2024-02-26,3099500,50.65,EUR,1.63,,EEX EUA Primary Market Auction Report,https://public.eex-group.com/eex/eua-auction-report/emission-spot-primary-market-auction-report-2024-data.xlsx,2026-08-16T07:25Z,Official EEX public workbook parsed by build script; successful EUA primary auctions aggregated by auction date across EU.
EUA,2024-02-27,3099500,51.12,EUR,1.49,,EEX EUA Primary Market Auction Report,https://public.eex-group.com/eex/eua-auction-report/emission-spot-primary-market-auction-report-2024-data.xlsx,2026-08-16T07:25Z,Official EEX public workbook parsed by build script; successful EUA primary auctions aggregated by auction date across EU.
EUA,2024-02-28,2310000,54.94,EUR,2.06,,EEX EUA Primary Market Auction Report,https://public.eex-group.com/eex/eua-auction-report/emission-spot-primary-market-auction-report-2024-data.xlsx,2026-08-16T07:25Z,Official EEX public workbook parsed by build script; successful EUA primary auctions aggregated by auction date across PL.
EUA,2024-02-29,3099500,54.9,EUR,1.44,,EEX EUA Primary Market Auction Report,https://public.eex-group.com/eex/eua-auction-report/emission-spot-primary-market-auction-report-2024-data.xlsx,2026-08-16T07:25Z,Official EEX public workbook parsed by build script; successful EUA primary auctions aggregated by auction date across EU.
EUA,2024-03-01,1796000,53.6,EUR,1.82,,EEX EUA Primary Market Auction Report,https://public.eex-group.com/eex/eua-auction-report/emission-spot-primary-market-auction-report-2024-data.xlsx,2026-08-16T07:25Z,Official EEX public workbook parsed by build script; successful EUA primary auctions aggregated by auction date across DE.
EUA,2024-03-04,3099500,51.76,EUR,1.32,,EEX EUA Primary Market Auction Report,https://public.eex-group.com/eex/eua-auction-report/emission-spot-primary-market-auction-report-2024-data.xlsx,2026-08-16T07:25Z,Official EEX public workbook parsed by build script; successful EUA primary auctions aggregated by auction date across EU.
EUA,2024-03-05,3099500,59.14,EUR,1.84,,EEX EUA Primary Market Auction Report,https://public.eex-group.com/eex/eua-auction-report/emission-spot-primary-market-auction-report-2024-data.xlsx,2026-08-16T07:25Z,Official EEX public workbook parsed by build script; successful EUA primary auctions aggregated by auction date across EU.
EUA,2024-03-07,3099500,56.94,EUR,1.4,,EEX EUA Primary Market Auction Report,https://public.eex-group.com/eex/eua-auction-report/emission-spot-primary-market-auction-report-2024-data.xlsx,2026-08-16T07:25Z,Official EEX public workbook parsed by build script; successful EUA primary auctions aggregated by auction date across EU.
EUA,2024-03-08,1796000,57.1,EUR,1.79,,EEX EUA Primary Market Auction Report,https://public.eex-group.com/eex/eua-auction-report/emission-spot-primary-market-auction-report-2024-data.xlsx,2026-08-16T07:25Z,Official EEX public workbook parsed by build script; successful EUA primary auctions aggregated by auction date across DE.
EUA,2024-03-11,3099500,54.43,EUR,1.31,,EEX EUA Primary Market Auction Report,https://public.eex-group.com/eex/eua-auction-report/emission-spot-primary-market-auction-report-2024-data.xlsx,2026-08-16T07:25Z,Official EEX public workbook parsed by build script; successful EUA primary auctions aggregated by auction date across EU.
EUA,2024-03-12,3099500,54.21,EUR,1.71,,EEX EUA Primary Market Auction Report,https://public.eex-group.com/eex/eua-auction-report/emission-spot-primary-market-auction-report-2024-data.xlsx,2026-08-16T07:25Z,Official EEX public workbook parsed by build script; successful EUA primary auctions aggregated by auction date across EU.
EUA,2024-03-13,2310000,54.92,EUR,1.98,,EEX EUA Primary Market Auction Report,https://public.eex-group.com/eex/eua-auction-report/emission-spot-primary-market-auction-report-2024-data.xlsx,2026-08-16T07:25Z,Official EEX public workbook parsed by build script; successful EUA primary auctions aggregated by auction date across PL.
EUA,2024-03-14,3099500,54.25,EUR,1.81,,EEX EUA Primary Market Auction Report,https://public.eex-group.com/eex/eua-auction-report/emission-spot-primary-market-auction-report-2024-data.xlsx,2026-08-16T07:25Z,Official EEX public workbook parsed by build script; successful EUA primary auctions aggregated by auction date across EU.
EUA,2024-03-15,1796000,57.75,EUR,2.32,,EEX EUA Primary Market Auction Report,https://public.eex-group.com/eex/eua-auction-report/emission-spot-primary-market-auction-report-2024-data.xlsx,2026-08-16T07:25Z,Official EEX public workbook parsed by build script; successful EUA primary auctions aggregated by auction date across DE.
EUA,2024-03-18,3099500,59.42,EUR,1.72,,EEX EUA Primary Market Auction Report,https://public.eex-group.com/eex/eua-auction-report/emission-spot-primary-market-auction-report-2024-data.xlsx,2026-08-16T07:25Z,Official EEX public workbook parsed by build script; successful EUA primary auctions aggregated by auction date across EU.
EUA,2024-03-19,3099500,59.0,EUR,1.53,,EEX EUA Primary Market Auction Report,https://public.eex-group.com/eex/eua-auction-report/emission-spot-primary-market-auction-report-2024-data.xlsx,2026-08-16T07:25Z,Official EEX public workbook parsed by build script; successful EUA primary auctions aggregated by auction date across EU.
EUA,2024-03-20,906000,57.9,EUR,1.7,,EEX EUA Primary Market Auction Report,https://public.eex-group.com/eex/eua-auction-report/emission-spot-primary-market-auction-report-2024-data.xlsx,2026-08-16T07:25Z,Official EEX public workbook parsed by build script; successful EUA primary auctions aggregated by auction date across EU.
EUA,2024-03-21,3104500,58.0,EUR,1.6,,EEX EUA Primary Market Auction Report,https://public.eex-group.com/eex/eua-auction-report/emission-spot-primary-market-auction-report-2024-data.xlsx,2026-08-16T07:25Z,Official EEX public workbook parsed by build script; successful EUA primary auctions aggregated by auction date across EU.
EUA,2024-03-22,1796000,57.93,EUR,1.87,,EEX EUA Primary Market Auction Report,https://public.eex-group.com/eex/eua-auction-report/emission-spot-primary-market-auction-report-2024-data.xlsx,2026-08-16T07:25Z,Official EEX public workbook parsed by build script; successful EUA primary auctions aggregated by auction date across DE.
EUA,2024-03-25,3099500,62.09,EUR,1.75,,EEX EUA Primary Market Auction Report,https://public.eex-group.com/eex/eua-auction-report/emission-spot-primary-market-auction-report-2024-data.xlsx,2026-08-16T07:25Z,Official EEX public workbook parsed by build script; successful EUA primary auctions aggregated by auction date across EU.
EUA,2024-03-26,3099500,63.25,EUR,1.52,,EEX EUA Primary Market Auction Report,https://public.eex-group.com/eex/eua-auction-report/emission-spot-primary-market-auction-report-2024-data.xlsx,2026-08-16T07:25Z,Official EEX public workbook parsed by build script; successful EUA primary auctions aggregated by auction date across EU.
EUA,2024-03-27,2310000,60.56,EUR,1.77,,EEX EUA Primary Market Auction Report,https://public.eex-group.com/eex/eua-auction-report/emission-spot-primary-market-auction-report-2024-data.xlsx,2026-08-16T07:25Z,Official EEX public workbook parsed by build script; successful EUA primary auctions aggregated by auction date across PL.
EUA,2024-03-28,3099500,59.86,EUR,1.46,,EEX EUA Primary Market Auction Report,https://public.eex-group.com/eex/eua-auction-report/emission-spot-primary-market-auction-report-2024-data.xlsx,2026-08-16T07:25Z,Official EEX public workbook parsed by build script; successful EUA primary auctions aggregated by auction date across EU.
EUA,2024-04-02,3099500,57.07,EUR,1.1,,EEX EUA Primary Market Auction Report,https://public.eex-group.com/eex/eua-auction-report/emission-spot-primary-market-auction-report-2024-data.xlsx,2026-08-16T07:25Z,Official EEX public workbook parsed by build script; successful EUA primary auctions aggregated by auction date across EU.
EUA,2024-04-04,3099500,56.37,EUR,1.83,,EEX EUA Primary Market Auction Report,https://public.eex-group.com/eex/eua-auction-report/emission-spot-primary-market-auction-report-2024-data.xlsx,2026-08-16T07:25Z,Official EEX public workbook parsed by build script; successful EUA primary auctions aggregated by auction date across EU.
EUA,2024-04-05,1796000,57.17,EUR,2.23,,EEX EUA Primary Market Auction Report,https://public.eex-group.com/eex/eua-auction-report/emission-spot-primary-market-auction-report-2024-data.xlsx,2026-08-16T07:25Z,Official EEX public workbook parsed by build script; successful EUA primary auctions aggregated by auction date across DE.
EUA,2024-04-08,3099500,58.41,EUR,1.77,,EEX EUA Primary Market Auction Report,https://public.eex-group.com/eex/eua-auction-report/emission-spot-primary-market-auction-report-2024-data.xlsx,2026-08-16T07:25Z,Official EEX public workbook parsed by build script; successful EUA primary auctions aggregated by auction date across EU.
EUA,2024-04-09,3099500,61.3,EUR,1.72,,EEX EUA Primary Market Auction Report,https://public.eex-group.com/eex/eua-auction-report/emission-spot-primary-market-auction-report-2024-data.xlsx,2026-08-16T07:25Z,Official EEX public workbook parsed by build script; successful EUA primary auctions aggregated by auction date across EU.
EUA,2024-04-10,2310000,63.0,EUR,2.19,,EEX EUA Primary Market Auction Report,https://public.eex-group.com/eex/eua-auction-report/emission-spot-primary-market-auction-report-2024-data.xlsx,2026-08-16T07:25Z,Official EEX public workbook parsed by build script; successful EUA primary auctions aggregated by auction date across PL.
EUA,2024-04-11,3099500,63.42,EUR,1.73,,EEX EUA Primary Market Auction Report,https://public.eex-group.com/eex/eua-auction-report/emission-spot-primary-market-auction-report-2024-data.xlsx,2026-08-16T07:25Z,Official EEX public workbook parsed by build script; successful EUA primary auctions aggregated by auction date across EU.
EUA,2024-04-12,1796000,68.01,EUR,1.92,,EEX EUA Primary Market Auction Report,https://public.eex-group.com/eex/eua-auction-report/emission-spot-primary-market-auction-report-2024-data.xlsx,2026-08-16T07:25Z,Official EEX public workbook parsed by build script; successful EUA primary auctions aggregated by auction date across DE.
EUA,2024-04-15,3099500,68.17,EUR,1.7,,EEX EUA Primary Market Auction Report,https://public.eex-group.com/eex/eua-auction-report/emission-spot-primary-market-auction-report-2024-data.xlsx,2026-08-16T07:25Z,Official EEX public workbook parsed by build script; successful EUA primary auctions aggregated by auction date across EU.
EUA,2024-04-16,3099500,70.61,EUR,1.47,,EEX EUA Primary Market Auction Report,https://public.eex-group.com/eex/eua-auction-report/emission-spot-primary-market-auction-report-2024-data.xlsx,2026-08-16T07:25Z,Official EEX public workbook parsed by build script; successful EUA primary auctions aggregated by auction date across EU.
EUA,2024-04-18,3099500,67.15,EUR,1.48,,EEX EUA Primary Market Auction Report,https://public.eex-group.com/eex/eua-auction-report/emission-spot-primary-market-auction-report-2024-data.xlsx,2026-08-16T07:25Z,Official EEX public workbook parsed by build script; successful EUA primary auctions aggregated by auction date across EU.
EUA,2024-04-19,1796000,67.77,EUR,1.99,,EEX EUA Primary Market Auction Report,https://public.eex-group.com/eex/eua-auction-report/emission-spot-primary-market-auction-report-2024-data.xlsx,2026-08-16T07:25Z,Official EEX public workbook parsed by build script; successful EUA primary auctions aggregated by auction date across DE.
EUA,2024-04-22,3099500,65.1,EUR,1.56,,EEX EUA Primary Market Auction Report,https://public.eex-group.com/eex/eua-auction-report/emission-spot-primary-market-auction-report-2024-data.xlsx,2026-08-16T07:25Z,Official EEX public workbook parsed by build script; successful EUA primary auctions aggregated by auction date across EU.
EUA,2024-04-23,3099500,64.28,EUR,1.57,,EEX EUA Primary Market Auction Report,https://public.eex-group.com/eex/eua-auction-report/emission-spot-primary-market-auction-report-2024-data.xlsx,2026-08-16T07:25Z,Official EEX public workbook parsed by build script; successful EUA primary auctions aggregated by auction date across EU.
EUA,2024-04-24,2310000,65.35,EUR,2.0,,EEX EUA Primary Market Auction Report,https://public.eex-group.com/eex/eua-auction-report/emission-spot-primary-market-auction-report-2024-data.xlsx,2026-08-16T07:25Z,Official EEX public workbook parsed by build script; successful EUA primary auctions aggregated by auction date across PL.
EUA,2024-04-25,3099500,65.08,EUR,1.68,,EEX EUA Primary Market Auction Report,https://public.eex-group.com/eex/eua-auction-report/emission-spot-primary-market-auction-report-2024-data.xlsx,2026-08-16T07:25Z,Official EEX public workbook parsed by build script; successful EUA primary auctions aggregated by auction date across EU.
EUA,2024-04-26,1796000,65.66,EUR,1.92,,EEX EUA Primary Market Auction Report,https://public.eex-group.com/eex/eua-auction-report/emission-spot-primary-market-auction-report-2024-data.xlsx,2026-08-16T07:25Z,Official EEX public workbook parsed by build script; successful EUA primary auctions aggregated by auction date across DE.
EUA,2024-04-29,3099500,63.52,EUR,1.5,,EEX EUA Primary Market Auction Report,https://public.eex-group.com/eex/eua-auction-report/emission-spot-primary-market-auction-report-2024-data.xlsx,2026-08-16T07:25Z,Official EEX public workbook parsed by build script; successful EUA primary auctions aggregated by auction date across EU.
EUA,2024-04-30,3099500,65.26,EUR,1.42,,EEX EUA Primary Market Auction Report,https://public.eex-group.com/eex/eua-auction-report/emission-spot-primary-market-auction-report-2024-data.xlsx,2026-08-16T07:25Z,Official EEX public workbook parsed by build script; successful EUA primary auctions aggregated by auction date across EU.
EUA,2024-05-02,3099500,68.1,EUR,1.66,,EEX EUA Primary Market Auction Report,https://public.eex-group.com/eex/eua-auction-report/emission-spot-primary-market-auction-report-2024-data.xlsx,2026-08-16T07:25Z,Official EEX public workbook parsed by build script; successful EUA primary auctions aggregated by auction date across EU.
EUA,2024-05-03,1796000,71.18,EUR,1.85,,EEX EUA Primary Market Auction Report,https://public.eex-group.com/eex/eua-auction-report/emission-spot-primary-market-auction-report-2024-data.xlsx,2026-08-16T07:25Z,Official EEX public workbook parsed by build script; successful EUA primary auctions aggregated by auction date across DE.
EUA,2024-05-06,3099500,70.3,EUR,1.72,,EEX EUA Primary Market Auction Report,https://public.eex-group.com/eex/eua-auction-report/emission-spot-primary-market-auction-report-2024-data.xlsx,2026-08-16T07:25Z,Official EEX public workbook parsed by build script; successful EUA primary auctions aggregated by auction date across EU.
EUA,2024-05-07,3099500,69.16,EUR,1.43,,EEX EUA Primary Market Auction Report,https://public.eex-group.com/eex/eua-auction-report/emission-spot-primary-market-auction-report-2024-data.xlsx,2026-08-16T07:25Z,Official EEX public workbook parsed by build script; successful EUA primary auctions aggregated by auction date across EU.
EUA,2024-05-08,2310000,68.99,EUR,1.84,,EEX EUA Primary Market Auction Report,https://public.eex-group.com/eex/eua-auction-report/emission-spot-primary-market-auction-report-2024-data.xlsx,2026-08-16T07:25Z,Official EEX public workbook parsed by build script; successful EUA primary auctions aggregated by auction date across PL.
EUA,2024-05-13,3099500,68.48,EUR,1.67,,EEX EUA Primary Market Auction Report,https://public.eex-group.com/eex/eua-auction-report/emission-spot-primary-market-auction-report-2024-data.xlsx,2026-08-16T07:25Z,Official EEX public workbook parsed by build script; successful EUA primary auctions aggregated by auction date across EU.
EUA,2024-05-14,3099500,67.67,EUR,1.5,,EEX EUA Primary Market Auction Report,https://public.eex-group.com/eex/eua-auction-report/emission-spot-primary-market-auction-report-2024-data.xlsx,2026-08-16T07:25Z,Official EEX public workbook parsed by build script; successful EUA primary auctions aggregated by auction date across EU.
EUA,2024-05-15,906000,69.35,EUR,2.61,,EEX EUA Primary Market Auction Report,https://public.eex-group.com/eex/eua-auction-report/emission-spot-primary-market-auction-report-2024-data.xlsx,2026-08-16T07:25Z,Official EEX public workbook parsed by build script; successful EUA primary auctions aggregated by auction date across EU.
EUA,2024-05-16,3099500,68.26,EUR,1.52,,EEX EUA Primary Market Auction Report,https://public.eex-group.com/eex/eua-auction-report/emission-spot-primary-market-auction-report-2024-data.xlsx,2026-08-16T07:25Z,Official EEX public workbook parsed by build script; successful EUA primary auctions aggregated by auction date across EU.
EUA,2024-05-17,1796000,69.46,EUR,1.98,,EEX EUA Primary Market Auction Report,https://public.eex-group.com/eex/eua-auction-report/emission-spot-primary-market-auction-report-2024-data.xlsx,2026-08-16T07:25Z,Official EEX public workbook parsed by build script; successful EUA primary auctions aggregated by auction date across DE.
EUA,2024-05-20,3099500,71.24,EUR,1.37,,EEX EUA Primary Market Auction Report,https://public.eex-group.com/eex/eua-auction-report/emission-spot-primary-market-auction-report-2024-data.xlsx,2026-08-16T07:25Z,Official EEX public workbook parsed by build script; successful EUA primary auctions aggregated by auction date across EU.
EUA,2024-05-21,3099500,71.8,EUR,1.51,,EEX EUA Primary Market Auction Report,https://public.eex-group.com/eex/eua-auction-report/emission-spot-primary-market-auction-report-2024-data.xlsx,2026-08-16T07:25Z,Official EEX public workbook parsed by build script; successful EUA primary auctions aggregated by auction date across EU.
EUA,2024-05-22,2310000,74.31,EUR,1.5,,EEX EUA Primary Market Auction Report,https://public.eex-group.com/eex/eua-auction-report/emission-spot-primary-market-auction-report-2024-data.xlsx,2026-08-16T07:25Z,Official EEX public workbook parsed by build script; successful EUA primary auctions aggregated by auction date across PL.
EUA,2024-05-23,3099500,74.9,EUR,1.31,,EEX EUA Primary Market Auction Report,https://public.eex-group.com/eex/eua-auction-report/emission-spot-primary-market-auction-report-2024-data.xlsx,2026-08-16T07:25Z,Official EEX public workbook parsed by build script; successful EUA primary auctions aggregated by auction date across EU.
EUA,2024-05-24,1796000,72.8,EUR,2.05,,EEX EUA Primary Market Auction Report,https://public.eex-group.com/eex/eua-auction-report/emission-spot-primary-market-auction-report-2024-data.xlsx,2026-08-16T07:25Z,Official EEX public workbook parsed by build script; successful EUA primary auctions aggregated by auction date across DE.
EUA,2024-05-28,3099500,72.9,EUR,1.5,,EEX EUA Primary Market Auction Report,https://public.eex-group.com/eex/eua-auction-report/emission-spot-primary-market-auction-report-2024-data.xlsx,2026-08-16T07:25Z,Official EEX public workbook parsed by build script; successful EUA primary auctions aggregated by auction date across EU.
EUA,2024-05-30,3099500,72.0,EUR,1.67,,EEX EUA Primary Market Auction Report,https://public.eex-group.com/eex/eua-auction-report/emission-spot-primary-market-auction-report-2024-data.xlsx,2026-08-16T07:25Z,Official EEX public workbook parsed by build script; successful EUA primary auctions aggregated by auction date across EU.
EUA,2024-05-31,1796000,74.49,EUR,2.19,,EEX EUA Primary Market Auction Report,https://public.eex-group.com/eex/eua-auction-report/emission-spot-primary-market-auction-report-2024-data.xlsx,2026-08-16T07:25Z,Official EEX public workbook parsed by build script; successful EUA primary auctions aggregated by auction date across DE.
EUA,2024-06-03,3099500,75.35,EUR,1.78,,EEX EUA Primary Market Auction Report,https://public.eex-group.com/eex/eua-auction-report/emission-spot-primary-market-auction-report-2024-data.xlsx,2026-08-16T07:25Z,Official EEX public workbook parsed by build script; successful EUA primary auctions aggregated by auction date across EU.
EUA,2024-06-04,3099500,71.5,EUR,1.52,,EEX EUA Primary Market Auction Report,https://public.eex-group.com/eex/eua-auction-report/emission-spot-primary-market-auction-report-2024-data.xlsx,2026-08-16T07:25Z,Official EEX public workbook parsed by build script; successful EUA primary auctions aggregated by auction date across EU.
EUA,2024-06-05,2310000,70.3,EUR,1.8,,EEX EUA Primary Market Auction Report,https://public.eex-group.com/eex/eua-auction-report/emission-spot-primary-market-auction-report-2024-data.xlsx,2026-08-16T07:25Z,Official EEX public workbook parsed by build script; successful EUA primary auctions aggregated by auction date across PL.
EUA,2024-06-06,3099500,71.0,EUR,1.58,,EEX EUA Primary Market Auction Report,https://public.eex-group.com/eex/eua-auction-report/emission-spot-primary-market-auction-report-2024-data.xlsx,2026-08-16T07:25Z,Official EEX public workbook parsed by build script; successful EUA primary auctions aggregated by auction date across EU.
EUA,2024-06-07,1796000,69.9,EUR,1.93,,EEX EUA Primary Market Auction Report,https://public.eex-group.com/eex/eua-auction-report/emission-spot-primary-market-auction-report-2024-data.xlsx,2026-08-16T07:25Z,Official EEX public workbook parsed by build script; successful EUA primary auctions aggregated by auction date across DE.
EUA,2024-06-10,3099500,67.82,EUR,1.46,,EEX EUA Primary Market Auction Report,https://public.eex-group.com/eex/eua-auction-report/emission-spot-primary-market-auction-report-2024-data.xlsx,2026-08-16T07:25Z,Official EEX public workbook parsed by build script; successful EUA primary auctions aggregated by auction date across EU.
EUA,2024-06-11,3099500,70.31,EUR,1.43,,EEX EUA Primary Market Auction Report,https://public.eex-group.com/eex/eua-auction-report/emission-spot-primary-market-auction-report-2024-data.xlsx,2026-08-16T07:25Z,Official EEX public workbook parsed by build script; successful EUA primary auctions aggregated by auction date across EU.
EUA,2024-06-13,3099500,69.77,EUR,1.78,,EEX EUA Primary Market Auction Report,https://public.eex-group.com/eex/eua-auction-report/emission-spot-primary-market-auction-report-2024-data.xlsx,2026-08-16T07:25Z,Official EEX public workbook parsed by build script; successful EUA primary auctions aggregated by auction date across EU.
EUA,2024-06-14,1796000,68.41,EUR,1.88,,EEX EUA Primary Market Auction Report,https://public.eex-group.com/eex/eua-auction-report/emission-spot-primary-market-auction-report-2024-data.xlsx,2026-08-16T07:25Z,Official EEX public workbook parsed by build script; successful EUA primary auctions aggregated by auction date across DE.
EUA,2024-06-17,3099500,66.66,EUR,1.51,,EEX EUA Primary Market Auction Report,https://public.eex-group.com/eex/eua-auction-report/emission-spot-primary-market-auction-report-2024-data.xlsx,2026-08-16T07:25Z,Official EEX public workbook parsed by build script; successful EUA primary auctions aggregated by auction date across EU.
EUA,2024-06-18,3099500,66.97,EUR,1.51,,EEX EUA Primary Market Auction Report,https://public.eex-group.com/eex/eua-auction-report/emission-spot-primary-market-auction-report-2024-data.xlsx,2026-08-16T07:25Z,Official EEX public workbook parsed by build script; successful EUA primary auctions aggregated by auction date across EU.
EUA,2024-06-19,2310000,67.75,EUR,1.62,,EEX EUA Primary Market Auction Report,https://public.eex-group.com/eex/eua-auction-report/emission-spot-primary-market-auction-report-2024-data.xlsx,2026-08-16T07:25Z,Official EEX public workbook parsed by build script; successful EUA primary auctions aggregated by auction date across PL.
EUA,2024-06-20,3104000,68.61,EUR,1.51,,EEX EUA Primary Market Auction Report,https://public.eex-group.com/eex/eua-auction-report/emission-spot-primary-market-auction-report-2024-data.xlsx,2026-08-16T07:25Z,Official EEX public workbook parsed by build script; successful EUA primary auctions aggregated by auction date across EU.
EUA,2024-06-21,1796000,67.36,EUR,1.82,,EEX EUA Primary Market Auction Report,https://public.eex-group.com/eex/eua-auction-report/emission-spot-primary-market-auction-report-2024-data.xlsx,2026-08-16T07:25Z,Official EEX public workbook parsed by build script; successful EUA primary auctions aggregated by auction date across DE.
EUA,2024-06-24,3099500,66.06,EUR,1.54,,EEX EUA Primary Market Auction Report,https://public.eex-group.com/eex/eua-auction-report/emission-spot-primary-market-auction-report-2024-data.xlsx,2026-08-16T07:25Z,Official EEX public workbook parsed by build script; successful EUA primary auctions aggregated by auction date across EU.
EUA,2024-06-25,3099500,65.94,EUR,1.43,,EEX EUA Primary Market Auction Report,https://public.eex-group.com/eex/eua-auction-report/emission-spot-primary-market-auction-report-2024-data.xlsx,2026-08-16T07:25Z,Official EEX public workbook parsed by build script; successful EUA primary auctions aggregated by auction date across EU.
EUA,2024-06-27,3099500,66.17,EUR,1.53,,EEX EUA Primary Market Auction Report,https://public.eex-group.com/eex/eua-auction-report/emission-spot-primary-market-auction-report-2024-data.xlsx,2026-08-16T07:25Z,Official EEX public workbook parsed by build script; successful EUA primary auctions aggregated by auction date across EU.
EUA,2024-06-28,1796000,65.01,EUR,1.65,,EEX EUA Primary Market Auction Report,https://public.eex-group.com/eex/eua-auction-report/emission-spot-primary-market-auction-report-2024-data.xlsx,2026-08-16T07:25Z,Official EEX public workbook parsed by build script; successful EUA primary auctions aggregated by auction date across DE.
EUA,2024-07-01,3099500,67.83,EUR,1.41,,EEX EUA Primary Market Auction Report,https://public.eex-group.com/eex/eua-auction-report/emission-spot-primary-market-auction-report-2024-data.xlsx,2026-08-16T07:25Z,Official EEX public workbook parsed by build script; successful EUA primary auctions aggregated by auction date across EU.
EUA,2024-07-02,3099500,66.71,EUR,1.36,,EEX EUA Primary Market Auction Report,https://public.eex-group.com/eex/eua-auction-report/emission-spot-primary-market-auction-report-2024-data.xlsx,2026-08-16T07:25Z,Official EEX public workbook parsed by build script; successful EUA primary auctions aggregated by auction date across EU.
EUA,2024-07-03,2310000,68.84,EUR,1.71,,EEX EUA Primary Market Auction Report,https://public.eex-group.com/eex/eua-auction-report/emission-spot-primary-market-auction-report-2024-data.xlsx,2026-08-16T07:25Z,Official EEX public workbook parsed by build script; successful EUA primary auctions aggregated by auction date across PL.
EUA,2024-07-04,3099500,68.71,EUR,1.22,,EEX EUA Primary Market Auction Report,https://public.eex-group.com/eex/eua-auction-report/emission-spot-primary-market-auction-report-2024-data.xlsx,2026-08-16T07:25Z,Official EEX public workbook parsed by build script; successful EUA primary auctions aggregated by auction date across EU.
EUA,2024-07-05,1796000,68.68,EUR,1.79,,EEX EUA Primary Market Auction Report,https://public.eex-group.com/eex/eua-auction-report/emission-spot-primary-market-auction-report-2024-data.xlsx,2026-08-16T07:25Z,Official EEX public workbook parsed by build script; successful EUA primary auctions aggregated by auction date across DE.
EUA,2024-07-08,3099500,70.0,EUR,1.62,,EEX EUA Primary Market Auction Report,https://public.eex-group.com/eex/eua-auction-report/emission-spot-primary-market-auction-report-2024-data.xlsx,2026-08-16T07:25Z,Official EEX public workbook parsed by build script; successful EUA primary auctions aggregated by auction date across EU.
EUA,2024-07-09,3099500,66.87,EUR,1.22,,EEX EUA Primary Market Auction Report,https://public.eex-group.com/eex/eua-auction-report/emission-spot-primary-market-auction-report-2024-data.xlsx,2026-08-16T07:25Z,Official EEX public workbook parsed by build script; successful EUA primary auctions aggregated by auction date across EU.
EUA,2024-07-10,906000,67.42,EUR,2.26,,EEX EUA Primary Market Auction Report,https://public.eex-group.com/eex/eua-auction-report/emission-spot-primary-market-auction-report-2024-data.xlsx,2026-08-16T07:25Z,Official EEX public workbook parsed by build script; successful EUA primary auctions aggregated by auction date across EU.
EUA,2024-07-11,3099500,66.72,EUR,1.44,,EEX EUA Primary Market Auction Report,https://public.eex-group.com/eex/eua-auction-report/emission-spot-primary-market-auction-report-2024-data.xlsx,2026-08-16T07:25Z,Official EEX public workbook parsed by build script; successful EUA primary auctions aggregated by auction date across EU.
EUA,2024-07-12,1796000,67.06,EUR,1.73,,EEX EUA Primary Market Auction Report,https://public.eex-group.com/eex/eua-auction-report/emission-spot-primary-market-auction-report-2024-data.xlsx,2026-08-16T07:25Z,Official EEX public workbook parsed by build script; successful EUA primary auctions aggregated by auction date across DE.
EUA,2024-07-15,3099500,66.63,EUR,1.59,,EEX EUA Primary Market Auction Report,https://public.eex-group.com/eex/eua-auction-report/emission-spot-primary-market-auction-report-2024-data.xlsx,2026-08-16T07:25Z,Official EEX public workbook parsed by build script; successful EUA primary auctions aggregated by auction date across EU.
EUA,2024-07-16,3099500,66.16,EUR,1.55,,EEX EUA Primary Market Auction Report,https://public.eex-group.com/eex/eua-auction-report/emission-spot-primary-market-auction-report-2024-data.xlsx,2026-08-16T07:25Z,Official EEX public workbook parsed by build script; successful EUA primary auctions aggregated by auction date across EU.
EUA,2024-07-17,2310000,66.66,EUR,1.81,,EEX EUA Primary Market Auction Report,https://public.eex-group.com/eex/eua-auction-report/emission-spot-primary-market-auction-report-2024-data.xlsx,2026-08-16T07:25Z,Official EEX public workbook parsed by build script; successful EUA primary auctions aggregated by auction date across PL.
EUA,2024-07-18,3099500,64.96,EUR,1.53,,EEX EUA Primary Market Auction Report,https://public.eex-group.com/eex/eua-auction-report/emission-spot-primary-market-auction-report-2024-data.xlsx,2026-08-16T07:25Z,Official EEX public workbook parsed by build script; successful EUA primary auctions aggregated by auction date across EU.
EUA,2024-07-19,1796000,64.73,EUR,2.24,,EEX EUA Primary Market Auction Report,https://public.eex-group.com/eex/eua-auction-report/emission-spot-primary-market-auction-report-2024-data.xlsx,2026-08-16T07:25Z,Official EEX public workbook parsed by build script; successful EUA primary auctions aggregated by auction date across DE.
EUA,2024-07-22,3099500,64.37,EUR,1.68,,EEX EUA Primary Market Auction Report,https://public.eex-group.com/eex/eua-auction-report/emission-spot-primary-market-auction-report-2024-data.xlsx,2026-08-16T07:25Z,Official EEX public workbook parsed by build script; successful EUA primary auctions aggregated by auction date across EU.
EUA,2024-07-23,3099500,63.67,EUR,1.6,,EEX EUA Primary Market Auction Report,https://public.eex-group.com/eex/eua-auction-report/emission-spot-primary-market-auction-report-2024-data.xlsx,2026-08-16T07:25Z,Official EEX public workbook parsed by build script; successful EUA primary auctions aggregated by auction date across EU.
EUA,2024-07-25,3099500,66.71,EUR,1.68,,EEX EUA Primary Market Auction Report,https://public.eex-group.com/eex/eua-auction-report/emission-spot-primary-market-auction-report-2024-data.xlsx,2026-08-16T07:25Z,Official EEX public workbook parsed by build script; successful EUA primary auctions aggregated by auction date across EU.
EUA,2024-07-26,1796000,66.33,EUR,1.95,,EEX EUA Primary Market Auction Report,https://public.eex-group.com/eex/eua-auction-report/emission-spot-primary-market-auction-report-2024-data.xlsx,2026-08-16T07:25Z,Official EEX public workbook parsed by build script; successful EUA primary auctions aggregated by auction date across DE.
EUA,2024-07-29,3099500,67.17,EUR,1.65,,EEX EUA Primary Market Auction Report,https://public.eex-group.com/eex/eua-auction-report/emission-spot-primary-market-auction-report-2024-data.xlsx,2026-08-16T07:25Z,Official EEX public workbook parsed by build script; successful EUA primary auctions aggregated by auction date across EU.
EUA,2024-07-30,3099500,66.55,EUR,1.54,,EEX EUA Primary Market Auction Report,https://public.eex-group.com/eex/eua-auction-report/emission-spot-primary-market-auction-report-2024-data.xlsx,2026-08-16T07:25Z,Official EEX public workbook parsed by build script; successful EUA primary auctions aggregated by auction date across EU.
EUA,2024-07-31,2310000,67.85,EUR,1.6,,EEX EUA Primary Market Auction Report,https://public.eex-group.com/eex/eua-auction-report/emission-spot-primary-market-auction-report-2024-data.xlsx,2026-08-16T07:25Z,Official EEX public workbook parsed by build script; successful EUA primary auctions aggregated by auction date across PL.
EUA,2024-08-01,3099500,68.07,EUR,1.75,,EEX EUA Primary Market Auction Report,https://public.eex-group.com/eex/eua-auction-report/emission-spot-primary-market-auction-report-2024-data.xlsx,2026-08-16T07:25Z,Official EEX public workbook parsed by build script; successful EUA primary auctions aggregated by auction date across EU.
EUA,2024-08-02,1796000,69.76,EUR,1.97,,EEX EUA Primary Market Auction Report,https://public.eex-group.com/eex/eua-auction-report/emission-spot-primary-market-auction-report-2024-data.xlsx,2026-08-16T07:25Z,Official EEX public workbook parsed by build script; successful EUA primary auctions aggregated by auction date across DE.
EUA,2024-08-05,3099500,67.02,EUR,1.67,,EEX EUA Primary Market Auction Report,https://public.eex-group.com/eex/eua-auction-report/emission-spot-primary-market-auction-report-2024-data.xlsx,2026-08-16T07:25Z,Official EEX public workbook parsed by build script; successful EUA primary auctions aggregated by auction date across EU.
EUA,2024-08-06,3099500,68.65,EUR,1.62,,EEX EUA Primary Market Auction Report,https://public.eex-group.com/eex/eua-auction-report/emission-spot-primary-market-auction-report-2024-data.xlsx,2026-08-16T07:25Z,Official EEX public workbook parsed by build script; successful EUA primary auctions aggregated by auction date across EU.
EUA,2024-08-08,3099500,68.9,EUR,1.7,,EEX EUA Primary Market Auction Report,https://public.eex-group.com/eex/eua-auction-report/emission-spot-primary-market-auction-report-2024-data.xlsx,2026-08-16T07:25Z,Official EEX public workbook parsed by build script; successful EUA primary auctions aggregated by auction date across EU.
EUA,2024-08-09,1796000,70.46,EUR,2.25,,EEX EUA Primary Market Auction Report,https://public.eex-group.com/eex/eua-auction-report/emission-spot-primary-market-auction-report-2024-data.xlsx,2026-08-16T07:25Z,Official EEX public workbook parsed by build script; successful EUA primary auctions aggregated by auction date across DE.
EUA,2024-08-12,3099500,71.15,EUR,1.38,,EEX EUA Primary Market Auction Report,https://public.eex-group.com/eex/eua-auction-report/emission-spot-primary-market-auction-report-2024-data.xlsx,2026-08-16T07:25Z,Official EEX public workbook parsed by build script; successful EUA primary auctions aggregated by auction date across EU.
EUA,2024-08-13,3099500,70.82,EUR,1.5,,EEX EUA Primary Market Auction Report,https://public.eex-group.com/eex/eua-auction-report/emission-spot-primary-market-auction-report-2024-data.xlsx,2026-08-16T07:25Z,Official EEX public workbook parsed by build script; successful EUA primary auctions aggregated by auction date across EU.
EUA,2024-08-14,2310000,70.59,EUR,1.59,,EEX EUA Primary Market Auction Report,https://public.eex-group.com/eex/eua-auction-report/emission-spot-primary-market-auction-report-2024-data.xlsx,2026-08-16T07:25Z,Official EEX public workbook parsed by build script; successful EUA primary auctions aggregated by auction date across PL.
EUA,2024-08-15,3099500,69.85,EUR,1.67,,EEX EUA Primary Market Auction Report,https://public.eex-group.com/eex/eua-auction-report/emission-spot-primary-market-auction-report-2024-data.xlsx,2026-08-16T07:25Z,Official EEX public workbook parsed by build script; successful EUA primary auctions aggregated by auction date across EU.
EUA,2024-08-16,1796000,71.0,EUR,1.93,,EEX EUA Primary Market Auction Report,https://public.eex-group.com/eex/eua-auction-report/emission-spot-primary-market-auction-report-2024-data.xlsx,2026-08-16T07:25Z,Official EEX public workbook parsed by build script; successful EUA primary auctions aggregated by auction date across DE.
EUA,2024-08-19,3099500,71.5,EUR,1.73,,EEX EUA Primary Market Auction Report,https://public.eex-group.com/eex/eua-auction-report/emission-spot-primary-market-auction-report-2024-data.xlsx,2026-08-16T07:25Z,Official EEX public workbook parsed by build script; successful EUA primary auctions aggregated by auction date across EU.
EUA,2024-08-20,3099500,72.4,EUR,1.67,,EEX EUA Primary Market Auction Report,https://public.eex-group.com/eex/eua-auction-report/emission-spot-primary-market-auction-report-2024-data.xlsx,2026-08-16T07:25Z,Official EEX public workbook parsed by build script; successful EUA primary auctions aggregated by auction date across EU.
EUA,2024-08-22,3099500,71.02,EUR,1.7,,EEX EUA Primary Market Auction Report,https://public.eex-group.com/eex/eua-auction-report/emission-spot-primary-market-auction-report-2024-data.xlsx,2026-08-16T07:25Z,Official EEX public workbook parsed by build script; successful EUA primary auctions aggregated by auction date across EU.
EUA,2024-08-23,1796000,70.73,EUR,2.11,,EEX EUA Primary Market Auction Report,https://public.eex-group.com/eex/eua-auction-report/emission-spot-primary-market-auction-report-2024-data.xlsx,2026-08-16T07:25Z,Official EEX public workbook parsed by build script; successful EUA primary auctions aggregated by auction date across DE.
EUA,2024-08-26,3099500,69.28,EUR,1.52,,EEX EUA Primary Market Auction Report,https://public.eex-group.com/eex/eua-auction-report/emission-spot-primary-market-auction-report-2024-data.xlsx,2026-08-16T07:25Z,Official EEX public workbook parsed by build script; successful EUA primary auctions aggregated by auction date across EU.
EUA,2024-08-27,3099500,70.17,EUR,1.61,,EEX EUA Primary Market Auction Report,https://public.eex-group.com/eex/eua-auction-report/emission-spot-primary-market-auction-report-2024-data.xlsx,2026-08-16T07:25Z,Official EEX public workbook parsed by build script; successful EUA primary auctions aggregated by auction date across EU.
EUA,2024-08-28,2313500,70.39,EUR,1.76,,EEX EUA Primary Market Auction Report,https://public.eex-group.com/eex/eua-auction-report/emission-spot-primary-market-auction-report-2024-data.xlsx,2026-08-16T07:25Z,Official EEX public workbook parsed by build script; successful EUA primary auctions aggregated by auction date across PL.
EUA,2024-08-29,3125000,69.5,EUR,1.62,,EEX EUA Primary Market Auction Report,https://public.eex-group.com/eex/eua-auction-report/emission-spot-primary-market-auction-report-2024-data.xlsx,2026-08-16T07:25Z,Official EEX public workbook parsed by build script; successful EUA primary auctions aggregated by auction date across EU.
EUA,2024-08-30,1810000,70.07,EUR,1.79,,EEX EUA Primary Market Auction Report,https://public.eex-group.com/eex/eua-auction-report/emission-spot-primary-market-auction-report-2024-data.xlsx,2026-08-16T07:25Z,Official EEX public workbook parsed by build script; successful EUA primary auctions aggregated by auction date across DE.
EUA,2024-09-02,3287500,69.3,EUR,1.71,,EEX EUA Primary Market Auction Report,https://public.eex-group.com/eex/eua-auction-report/emission-spot-primary-market-auction-report-2024-data.xlsx,2026-08-16T07:25Z,Official EEX public workbook parsed by build script; successful EUA primary auctions aggregated by auction date across EU.
EUA,2024-09-03,3287500,68.56,EUR,1.52,,EEX EUA Primary Market Auction Report,https://public.eex-group.com/eex/eua-auction-report/emission-spot-primary-market-auction-report-2024-data.xlsx,2026-08-16T07:25Z,Official EEX public workbook parsed by build script; successful EUA primary auctions aggregated by auction date across EU.
EUA,2024-09-05,3287500,65.99,EUR,1.43,,EEX EUA Primary Market Auction Report,https://public.eex-group.com/eex/eua-auction-report/emission-spot-primary-market-auction-report-2024-data.xlsx,2026-08-16T07:25Z,Official EEX public workbook parsed by build script; successful EUA primary auctions aggregated by auction date across EU.
EUA,2024-09-06,1886500,67.0,EUR,2.45,,EEX EUA Primary Market Auction Report,https://public.eex-group.com/eex/eua-auction-report/emission-spot-primary-market-auction-report-2024-data.xlsx,2026-08-16T07:25Z,Official EEX public workbook parsed by build script; successful EUA primary auctions aggregated by auction date across DE.
EUA,2024-09-09,3287500,65.75,EUR,1.67,,EEX EUA Primary Market Auction Report,https://public.eex-group.com/eex/eua-auction-report/emission-spot-primary-market-auction-report-2024-data.xlsx,2026-08-16T07:25Z,Official EEX public workbook parsed by build script; successful EUA primary auctions aggregated by auction date across EU.
EUA,2024-09-10,3287500,65.83,EUR,1.61,,EEX EUA Primary Market Auction Report,https://public.eex-group.com/eex/eua-auction-report/emission-spot-primary-market-auction-report-2024-data.xlsx,2026-08-16T07:25Z,Official EEX public workbook parsed by build script; successful EUA primary auctions aggregated by auction date across EU.
EUA,2024-09-11,2833500,64.75,EUR,1.6,,EEX EUA Primary Market Auction Report,https://public.eex-group.com/eex/eua-auction-report/emission-spot-primary-market-auction-report-2024-data.xlsx,2026-08-16T07:25Z,Official EEX public workbook parsed by build script; successful EUA primary auctions aggregated by auction date across PL.
EUA,2024-09-12,3287500,65.1,EUR,1.53,,EEX EUA Primary Market Auction Report,https://public.eex-group.com/eex/eua-auction-report/emission-spot-primary-market-auction-report-2024-data.xlsx,2026-08-16T07:25Z,Official EEX public workbook parsed by build script; successful EUA primary auctions aggregated by auction date across EU.
EUA,2024-09-13,1886500,64.89,EUR,1.48,,EEX EUA Primary Market Auction Report,https://public.eex-group.com/eex/eua-auction-report/emission-spot-primary-market-auction-report-2024-data.xlsx,2026-08-16T07:25Z,Official EEX public workbook parsed by build script; successful EUA primary auctions aggregated by auction date across DE.
EUA,2024-09-16,3287500,64.94,EUR,2.05,,EEX EUA Primary Market Auction Report,https://public.eex-group.com/eex/eua-auction-report/emission-spot-primary-market-auction-report-2024-data.xlsx,2026-08-16T07:25Z,Official EEX public workbook parsed by build script; successful EUA primary auctions aggregated by auction date across EU.
EUA,2024-09-17,3287500,62.71,EUR,1.72,,EEX EUA Primary Market Auction Report,https://public.eex-group.com/eex/eua-auction-report/emission-spot-primary-market-auction-report-2024-data.xlsx,2026-08-16T07:25Z,Official EEX public workbook parsed by build script; successful EUA primary auctions aggregated by auction date across EU.
EUA,2024-09-18,906000,62.8,EUR,2.66,,EEX EUA Primary Market Auction Report,https://public.eex-group.com/eex/eua-auction-report/emission-spot-primary-market-auction-report-2024-data.xlsx,2026-08-16T07:25Z,Official EEX public workbook parsed by build script; successful EUA primary auctions aggregated by auction date across EU.
EUA,2024-09-19,3290500,63.56,EUR,1.64,,EEX EUA Primary Market Auction Report,https://public.eex-group.com/eex/eua-auction-report/emission-spot-primary-market-auction-report-2024-data.xlsx,2026-08-16T07:25Z,Official EEX public workbook parsed by build script; successful EUA primary auctions aggregated by auction date across EU.
EUA,2024-09-20,1886500,63.18,EUR,1.94,,EEX EUA Primary Market Auction Report,https://public.eex-group.com/eex/eua-auction-report/emission-spot-primary-market-auction-report-2024-data.xlsx,2026-08-16T07:25Z,Official EEX public workbook parsed by build script; successful EUA primary auctions aggregated by auction date across DE.
EUA,2024-09-23,3287500,64.0,EUR,1.66,,EEX EUA Primary Market Auction Report,https://public.eex-group.com/eex/eua-auction-report/emission-spot-primary-market-auction-report-2024-data.xlsx,2026-08-16T07:25Z,Official EEX public workbook parsed by build script; successful EUA primary auctions aggregated by auction date across EU.
EUA,2024-09-24,3287500,63.91,EUR,1.62,,EEX EUA Primary Market Auction Report,https://public.eex-group.com/eex/eua-auction-report/emission-spot-primary-market-auction-report-2024-data.xlsx,2026-08-16T07:25Z,Official EEX public workbook parsed by build script; successful EUA primary auctions aggregated by auction date across EU.
EUA,2024-09-25,2833500,63.55,EUR,1.8,,EEX EUA Primary Market Auction Report,https://public.eex-group.com/eex/eua-auction-report/emission-spot-primary-market-auction-report-2024-data.xlsx,2026-08-16T07:25Z,Official EEX public workbook parsed by build script; successful EUA primary auctions aggregated by auction date across PL.
EUA,2024-09-26,3287500,63.88,EUR,1.48,,EEX EUA Primary Market Auction Report,https://public.eex-group.com/eex/eua-auction-report/emission-spot-primary-market-auction-report-2024-data.xlsx,2026-08-16T07:25Z,Official EEX public workbook parsed by build script; successful EUA primary auctions aggregated by auction date across EU.
EUA,2024-09-27,1886500,65.45,EUR,1.89,,EEX EUA Primary Market Auction Report,https://public.eex-group.com/eex/eua-auction-report/emission-spot-primary-market-auction-report-2024-data.xlsx,2026-08-16T07:25Z,Official EEX public workbook parsed by build script; successful EUA primary auctions aggregated by auction date across DE.
EUA,2024-09-30,3287500,65.69,EUR,1.61,,EEX EUA Primary Market Auction Report,https://public.eex-group.com/eex/eua-auction-report/emission-spot-primary-market-auction-report-2024-data.xlsx,2026-08-16T07:25Z,Official EEX public workbook parsed by build script; successful EUA primary auctions aggregated by auction date across EU.
EUA,2024-10-01,3287500,63.19,EUR,1.27,,EEX EUA Primary Market Auction Report,https://public.eex-group.com/eex/eua-auction-report/emission-spot-primary-market-auction-report-2024-data.xlsx,2026-08-16T07:25Z,Official EEX public workbook parsed by build script; successful EUA primary auctions aggregated by auction date across EU.
EUA,2024-10-02,926500,62.89,EUR,2.43,,EEX EUA Primary Market Auction Report,https://public.eex-group.com/eex/eua-auction-report/emission-spot-primary-market-auction-report-2024-data.xlsx,2026-08-16T07:25Z,Official EEX public workbook parsed by build script; successful EUA primary auctions aggregated by auction date across XI.
EUA,2024-10-03,3287500,62.02,EUR,1.41,,EEX EUA Primary Market Auction Report,https://public.eex-group.com/eex/eua-auction-report/emission-spot-primary-market-auction-report-2024-data.xlsx,2026-08-16T07:25Z,Official EEX public workbook parsed by build script; successful EUA primary auctions aggregated by auction date across EU.
EUA,2024-10-04,1886500,61.03,EUR,1.85,,EEX EUA Primary Market Auction Report,https://public.eex-group.com/eex/eua-auction-report/emission-spot-primary-market-auction-report-2024-data.xlsx,2026-08-16T07:25Z,Official EEX public workbook parsed by build script; successful EUA primary auctions aggregated by auction date across DE.
EUA,2024-10-07,3287500,60.15,EUR,1.58,,EEX EUA Primary Market Auction Report,https://public.eex-group.com/eex/eua-auction-report/emission-spot-primary-market-auction-report-2024-data.xlsx,2026-08-16T07:25Z,Official EEX public workbook parsed by build script; successful EUA primary auctions aggregated by auction date across EU.
EUA,2024-10-08,3287500,59.85,EUR,1.56,,EEX EUA Primary Market Auction Report,https://public.eex-group.com/eex/eua-auction-report/emission-spot-primary-market-auction-report-2024-data.xlsx,2026-08-16T07:25Z,Official EEX public workbook parsed by build script; successful EUA primary auctions aggregated by auction date across EU.
EUA,2024-10-09,2833500,61.18,EUR,1.39,,EEX EUA Primary Market Auction Report,https://public.eex-group.com/eex/eua-auction-report/emission-spot-primary-market-auction-report-2024-data.xlsx,2026-08-16T07:25Z,Official EEX public workbook parsed by build script; successful EUA primary auctions aggregated by auction date across PL.
EUA,2024-10-10,3287500,63.3,EUR,1.69,,EEX EUA Primary Market Auction Report,https://public.eex-group.com/eex/eua-auction-report/emission-spot-primary-market-auction-report-2024-data.xlsx,2026-08-16T07:25Z,Official EEX public workbook parsed by build script; successful EUA primary auctions aggregated by auction date across EU.
EUA,2024-10-11,1886500,63.71,EUR,2.03,,EEX EUA Primary Market Auction Report,https://public.eex-group.com/eex/eua-auction-report/emission-spot-primary-market-auction-report-2024-data.xlsx,2026-08-16T07:25Z,Official EEX public workbook parsed by build script; successful EUA primary auctions aggregated by auction date across DE.
EUA,2024-10-14,3287500,65.0,EUR,1.86,,EEX EUA Primary Market Auction Report,https://public.eex-group.com/eex/eua-auction-report/emission-spot-primary-market-auction-report-2024-data.xlsx,2026-08-16T07:25Z,Official EEX public workbook parsed by build script; successful EUA primary auctions aggregated by auction date across EU.
EUA,2024-10-15,3287500,64.08,EUR,1.49,,EEX EUA Primary Market Auction Report,https://public.eex-group.com/eex/eua-auction-report/emission-spot-primary-market-auction-report-2024-data.xlsx,2026-08-16T07:25Z,Official EEX public workbook parsed by build script; successful EUA primary auctions aggregated by auction date across EU.
EUA,2024-10-16,1061000,64.14,EUR,3.03,,EEX EUA Primary Market Auction Report,https://public.eex-group.com/eex/eua-auction-report/emission-spot-primary-market-auction-report-2024-data.xlsx,2026-08-16T07:25Z,Official EEX public workbook parsed by build script; successful EUA primary auctions aggregated by auction date across DE.
EUA,2024-10-17,3287500,63.1,EUR,1.69,,EEX EUA Primary Market Auction Report,https://public.eex-group.com/eex/eua-auction-report/emission-spot-primary-market-auction-report-2024-data.xlsx,2026-08-16T07:25Z,Official EEX public workbook parsed by build script; successful EUA primary auctions aggregated by auction date across EU.
EUA,2024-10-18,1886500,61.9,EUR,2.02,,EEX EUA Primary Market Auction Report,https://public.eex-group.com/eex/eua-auction-report/emission-spot-primary-market-auction-report-2024-data.xlsx,2026-08-16T07:25Z,Official EEX public workbook parsed by build script; successful EUA primary auctions aggregated by auction date across DE.
EUA,2024-10-21,3287500,62.3,EUR,1.59,,EEX EUA Primary Market Auction Report,https://public.eex-group.com/eex/eua-auction-report/emission-spot-primary-market-auction-report-2024-data.xlsx,2026-08-16T07:25Z,Official EEX public workbook parsed by build script; successful EUA primary auctions aggregated by auction date across EU.
EUA,2024-10-22,3287500,61.22,EUR,1.6,,EEX EUA Primary Market Auction Report,https://public.eex-group.com/eex/eua-auction-report/emission-spot-primary-market-auction-report-2024-data.xlsx,2026-08-16T07:25Z,Official EEX public workbook parsed by build script; successful EUA primary auctions aggregated by auction date across EU.
EUA,2024-10-23,2833500,63.75,EUR,1.75,,EEX EUA Primary Market Auction Report,https://public.eex-group.com/eex/eua-auction-report/emission-spot-primary-market-auction-report-2024-data.xlsx,2026-08-16T07:25Z,Official EEX public workbook parsed by build script; successful EUA primary auctions aggregated by auction date across PL.
EUA,2024-10-24,3287500,64.6,EUR,1.57,,EEX EUA Primary Market Auction Report,https://public.eex-group.com/eex/eua-auction-report/emission-spot-primary-market-auction-report-2024-data.xlsx,2026-08-16T07:25Z,Official EEX public workbook parsed by build script; successful EUA primary auctions aggregated by auction date across EU.
EUA,2024-10-25,1886500,66.32,EUR,1.99,,EEX EUA Primary Market Auction Report,https://public.eex-group.com/eex/eua-auction-report/emission-spot-primary-market-auction-report-2024-data.xlsx,2026-08-16T07:25Z,Official EEX public workbook parsed by build script; successful EUA primary auctions aggregated by auction date across DE.
EUA,2024-10-28,3287500,64.38,EUR,1.43,,EEX EUA Primary Market Auction Report,https://public.eex-group.com/eex/eua-auction-report/emission-spot-primary-market-auction-report-2024-data.xlsx,2026-08-16T07:25Z,Official EEX public workbook parsed by build script; successful EUA primary auctions aggregated by auction date across EU.
EUA,2024-10-29,3287500,66.42,EUR,1.65,,EEX EUA Primary Market Auction Report,https://public.eex-group.com/eex/eua-auction-report/emission-spot-primary-market-auction-report-2024-data.xlsx,2026-08-16T07:25Z,Official EEX public workbook parsed by build script; successful EUA primary auctions aggregated by auction date across EU.
EUA,2024-10-31,3287500,64.78,EUR,1.51,,EEX EUA Primary Market Auction Report,https://public.eex-group.com/eex/eua-auction-report/emission-spot-primary-market-auction-report-2024-data.xlsx,2026-08-16T07:25Z,Official EEX public workbook parsed by build script; successful EUA primary auctions aggregated by auction date across EU.
EUA,2024-11-01,1886500,64.46,EUR,2.0,,EEX EUA Primary Market Auction Report,https://public.eex-group.com/eex/eua-auction-report/emission-spot-primary-market-auction-report-2024-data.xlsx,2026-08-16T07:25Z,Official EEX public workbook parsed by build script; successful EUA primary auctions aggregated by auction date across DE.
EUA,2024-11-04,3287500,64.68,EUR,1.68,,EEX EUA Primary Market Auction Report,https://public.eex-group.com/eex/eua-auction-report/emission-spot-primary-market-auction-report-2024-data.xlsx,2026-08-16T07:25Z,Official EEX public workbook parsed by build script; successful EUA primary auctions aggregated by auction date across EU.
EUA,2024-11-05,3287500,65.06,EUR,1.42,,EEX EUA Primary Market Auction Report,https://public.eex-group.com/eex/eua-auction-report/emission-spot-primary-market-auction-report-2024-data.xlsx,2026-08-16T07:25Z,Official EEX public workbook parsed by build script; successful EUA primary auctions aggregated by auction date across EU.
EUA,2024-11-06,2833500,62.94,EUR,1.58,,EEX EUA Primary Market Auction Report,https://public.eex-group.com/eex/eua-auction-report/emission-spot-primary-market-auction-report-2024-data.xlsx,2026-08-16T07:25Z,Official EEX public workbook parsed by build script; successful EUA primary auctions aggregated by auction date across PL.
EUA,2024-11-07,3287500,65.35,EUR,1.64,,EEX EUA Primary Market Auction Report,https://public.eex-group.com/eex/eua-auction-report/emission-spot-primary-market-auction-report-2024-data.xlsx,2026-08-16T07:25Z,Official EEX public workbook parsed by build script; successful EUA primary auctions aggregated by auction date across EU.
EUA,2024-11-08,1886500,66.2,EUR,2.13,,EEX EUA Primary Market Auction Report,https://public.eex-group.com/eex/eua-auction-report/emission-spot-primary-market-auction-report-2024-data.xlsx,2026-08-16T07:25Z,Official EEX public workbook parsed by build script; successful EUA primary auctions aggregated by auction date across DE.
EUA,2024-11-11,3287500,67.6,EUR,1.41,,EEX EUA Primary Market Auction Report,https://public.eex-group.com/eex/eua-auction-report/emission-spot-primary-market-auction-report-2024-data.xlsx,2026-08-16T07:25Z,Official EEX public workbook parsed by build script; successful EUA primary auctions aggregated by auction date across EU.
EUA,2024-11-12,3287500,65.92,EUR,1.6,,EEX EUA Primary Market Auction Report,https://public.eex-group.com/eex/eua-auction-report/emission-spot-primary-market-auction-report-2024-data.xlsx,2026-08-16T07:25Z,Official EEX public workbook parsed by build script; successful EUA primary auctions aggregated by auction date across EU.
EUA,2024-11-13,899500,65.86,EUR,2.63,,EEX EUA Primary Market Auction Report,https://public.eex-group.com/eex/eua-auction-report/emission-spot-primary-market-auction-report-2024-data.xlsx,2026-08-16T07:25Z,Official EEX public workbook parsed by build script; successful EUA primary auctions aggregated by auction date across EU.
EUA,2024-11-14,3287500,67.15,EUR,1.65,,EEX EUA Primary Market Auction Report,https://public.eex-group.com/eex/eua-auction-report/emission-spot-primary-market-auction-report-2024-data.xlsx,2026-08-16T07:25Z,Official EEX public workbook parsed by build script; successful EUA primary auctions aggregated by auction date across EU.
EUA,2024-11-15,1886500,66.78,EUR,1.65,,EEX EUA Primary Market Auction Report,https://public.eex-group.com/eex/eua-auction-report/emission-spot-primary-market-auction-report-2024-data.xlsx,2026-08-16T07:25Z,Official EEX public workbook parsed by build script; successful EUA primary auctions aggregated by auction date across DE.
EUA,2024-11-18,3287500,67.7,EUR,1.63,,EEX EUA Primary Market Auction Report,https://public.eex-group.com/eex/eua-auction-report/emission-spot-primary-market-auction-report-2024-data.xlsx,2026-08-16T07:25Z,Official EEX public workbook parsed by build script; successful EUA primary auctions aggregated by auction date across EU.
EUA,2024-11-19,3287500,69.05,EUR,1.36,,EEX EUA Primary Market Auction Report,https://public.eex-group.com/eex/eua-auction-report/emission-spot-primary-market-auction-report-2024-data.xlsx,2026-08-16T07:25Z,Official EEX public workbook parsed by build script; successful EUA primary auctions aggregated by auction date across EU.
EUA,2024-11-20,2833500,68.02,EUR,1.74,,EEX EUA Primary Market Auction Report,https://public.eex-group.com/eex/eua-auction-report/emission-spot-primary-market-auction-report-2024-data.xlsx,2026-08-16T07:25Z,Official EEX public workbook parsed by build script; successful EUA primary auctions aggregated by auction date across PL.
EUA,2024-11-21,3287500,68.79,EUR,1.73,,EEX EUA Primary Market Auction Report,https://public.eex-group.com/eex/eua-auction-report/emission-spot-primary-market-auction-report-2024-data.xlsx,2026-08-16T07:25Z,Official EEX public workbook parsed by build script; successful EUA primary auctions aggregated by auction date across EU.
EUA,2024-11-22,1886500,69.71,EUR,2.15,,EEX EUA Primary Market Auction Report,https://public.eex-group.com/eex/eua-auction-report/emission-spot-primary-market-auction-report-2024-data.xlsx,2026-08-16T07:25Z,Official EEX public workbook parsed by build script; successful EUA primary auctions aggregated by auction date across DE.
EUA,2024-11-25,3287500,69.32,EUR,1.57,,EEX EUA Primary Market Auction Report,https://public.eex-group.com/eex/eua-auction-report/emission-spot-primary-market-auction-report-2024-data.xlsx,2026-08-16T07:25Z,Official EEX public workbook parsed by build script; successful EUA primary auctions aggregated by auction date across EU.
EUA,2024-11-26,3287500,69.37,EUR,1.65,,EEX EUA Primary Market Auction Report,https://public.eex-group.com/eex/eua-auction-report/emission-spot-primary-market-auction-report-2024-data.xlsx,2026-08-16T07:25Z,Official EEX public workbook parsed by build script; successful EUA primary auctions aggregated by auction date across EU.
EUA,2024-11-28,3287500,67.91,EUR,1.7,,EEX EUA Primary Market Auction Report,https://public.eex-group.com/eex/eua-auction-report/emission-spot-primary-market-auction-report-2024-data.xlsx,2026-08-16T07:25Z,Official EEX public workbook parsed by build script; successful EUA primary auctions aggregated by auction date across EU.
EUA,2024-11-29,1886500,67.3,EUR,1.79,,EEX EUA Primary Market Auction Report,https://public.eex-group.com/eex/eua-auction-report/emission-spot-primary-market-auction-report-2024-data.xlsx,2026-08-16T07:25Z,Official EEX public workbook parsed by build script; successful EUA primary auctions aggregated by auction date across DE.
EUA,2024-12-02,3287500,69.4,EUR,1.67,,EEX EUA Primary Market Auction Report,https://public.eex-group.com/eex/eua-auction-report/emission-spot-primary-market-auction-report-2024-data.xlsx,2026-08-16T07:25Z,Official EEX public workbook parsed by build script; successful EUA primary auctions aggregated by auction date across EU.
EUA,2024-12-03,3287500,68.12,EUR,1.68,,EEX EUA Primary Market Auction Report,https://public.eex-group.com/eex/eua-auction-report/emission-spot-primary-market-auction-report-2024-data.xlsx,2026-08-16T07:25Z,Official EEX public workbook parsed by build script; successful EUA primary auctions aggregated by auction date across EU.
EUA,2024-12-04,2833500,67.42,EUR,1.5,,EEX EUA Primary Market Auction Report,https://public.eex-group.com/eex/eua-auction-report/emission-spot-primary-market-auction-report-2024-data.xlsx,2026-08-16T07:25Z,Official EEX public workbook parsed by build script; successful EUA primary auctions aggregated by auction date across PL.
EUA,2024-12-05,3287500,67.62,EUR,1.72,,EEX EUA Primary Market Auction Report,https://public.eex-group.com/eex/eua-auction-report/emission-spot-primary-market-auction-report-2024-data.xlsx,2026-08-16T07:25Z,Official EEX public workbook parsed by build script; successful EUA primary auctions aggregated by auction date across EU.
EUA,2024-12-06,1886500,67.25,EUR,1.99,,EEX EUA Primary Market Auction Report,https://public.eex-group.com/eex/eua-auction-report/emission-spot-primary-market-auction-report-2024-data.xlsx,2026-08-16T07:25Z,Official EEX public workbook parsed by build script; successful EUA primary auctions aggregated by auction date across DE.
EUA,2024-12-09,3287500,67.7,EUR,1.4,,EEX EUA Primary Market Auction Report,https://public.eex-group.com/eex/eua-auction-report/emission-spot-primary-market-auction-report-2024-data.xlsx,2026-08-16T07:25Z,Official EEX public workbook parsed by build script; successful EUA primary auctions aggregated by auction date across EU.
EUA,2024-12-10,3287500,67.0,EUR,1.67,,EEX EUA Primary Market Auction Report,https://public.eex-group.com/eex/eua-auction-report/emission-spot-primary-market-auction-report-2024-data.xlsx,2026-08-16T07:25Z,Official EEX public workbook parsed by build script; successful EUA primary auctions aggregated by auction date across EU.
EUA,2024-12-11,198000,69.17,EUR,5.23,,EEX EUA Primary Market Auction Report,https://public.eex-group.com/eex/eua-auction-report/emission-spot-primary-market-auction-report-2024-data.xlsx,2026-08-16T07:25Z,Official EEX public workbook parsed by build script; successful EUA primary auctions aggregated by auction date across PL.
EUA,2024-12-12,3287500,67.95,EUR,1.63,,EEX EUA Primary Market Auction Report,https://public.eex-group.com/eex/eua-auction-report/emission-spot-primary-market-auction-report-2024-data.xlsx,2026-08-16T07:25Z,Official EEX public workbook parsed by build script; successful EUA primary auctions aggregated by auction date across EU.
EUA,2024-12-13,1890500,66.07,EUR,1.82,,EEX EUA Primary Market Auction Report,https://public.eex-group.com/eex/eua-auction-report/emission-spot-primary-market-auction-report-2024-data.xlsx,2026-08-16T07:25Z,Official EEX public workbook parsed by build script; successful EUA primary auctions aggregated by auction date across DE.
EUA,2024-12-16,3248000,63.64,EUR,1.47,,EEX EUA Primary Market Auction Report,https://public.eex-group.com/eex/eua-auction-report/emission-spot-primary-market-auction-report-2024-data.xlsx,2026-08-16T07:25Z,Official EEX public workbook parsed by build script; successful EUA primary auctions aggregated by auction date across EU.
EUA,2025-01-07,3245500,71.02,EUR,1.37,,EEX EUA Primary Market Auction Report,https://public.eex-group.com/eex/eua-auction-report/emission-spot-primary-market-auction-report-2025-data.xlsx,2026-08-16T07:25Z,Official EEX public workbook parsed by build script; successful EUA primary auctions aggregated by auction date across EU.
EUA,2025-01-08,2072500,71.5,EUR,2.27,,EEX EUA Primary Market Auction Report,https://public.eex-group.com/eex/eua-auction-report/emission-spot-primary-market-auction-report-2025-data.xlsx,2026-08-16T07:25Z,Official EEX public workbook parsed by build script; successful EUA primary auctions aggregated by auction date across PL.
EUA,2025-01-09,3245500,70.01,EUR,1.57,,EEX EUA Primary Market Auction Report,https://public.eex-group.com/eex/eua-auction-report/emission-spot-primary-market-auction-report-2025-data.xlsx,2026-08-16T07:25Z,Official EEX public workbook parsed by build script; successful EUA primary auctions aggregated by auction date across EU.
EUA,2025-01-10,1607000,70.63,EUR,2.1,,EEX EUA Primary Market Auction Report,https://public.eex-group.com/eex/eua-auction-report/emission-spot-primary-market-auction-report-2025-data.xlsx,2026-08-16T07:25Z,Official EEX public workbook parsed by build script; successful EUA primary auctions aggregated by auction date across DE.
EUA,2025-01-13,3245500,74.4,EUR,1.49,,EEX EUA Primary Market Auction Report,https://public.eex-group.com/eex/eua-auction-report/emission-spot-primary-market-auction-report-2025-data.xlsx,2026-08-16T07:25Z,Official EEX public workbook parsed by build script; successful EUA primary auctions aggregated by auction date across EU.
EUA,2025-01-14,3245500,74.45,EUR,1.54,,EEX EUA Primary Market Auction Report,https://public.eex-group.com/eex/eua-auction-report/emission-spot-primary-market-auction-report-2025-data.xlsx,2026-08-16T07:25Z,Official EEX public workbook parsed by build script; successful EUA primary auctions aggregated by auction date across EU.
EUA,2025-01-16,3245500,75.7,EUR,1.63,,EEX EUA Primary Market Auction Report,https://public.eex-group.com/eex/eua-auction-report/emission-spot-primary-market-auction-report-2025-data.xlsx,2026-08-16T07:25Z,Official EEX public workbook parsed by build script; successful EUA primary auctions aggregated by auction date across EU.
EUA,2025-01-17,1607000,77.3,EUR,1.98,,EEX EUA Primary Market Auction Report,https://public.eex-group.com/eex/eua-auction-report/emission-spot-primary-market-auction-report-2025-data.xlsx,2026-08-16T07:25Z,Official EEX public workbook parsed by build script; successful EUA primary auctions aggregated by auction date across DE.
EUA,2025-01-20,3245500,76.4,EUR,1.49,,EEX EUA Primary Market Auction Report,https://public.eex-group.com/eex/eua-auction-report/emission-spot-primary-market-auction-report-2025-data.xlsx,2026-08-16T07:25Z,Official EEX public workbook parsed by build script; successful EUA primary auctions aggregated by auction date across EU.
EUA,2025-01-21,3245500,77.3,EUR,1.53,,EEX EUA Primary Market Auction Report,https://public.eex-group.com/eex/eua-auction-report/emission-spot-primary-market-auction-report-2025-data.xlsx,2026-08-16T07:25Z,Official EEX public workbook parsed by build script; successful EUA primary auctions aggregated by auction date across EU.
EUA,2025-01-22,2072500,76.71,EUR,1.78,,EEX EUA Primary Market Auction Report,https://public.eex-group.com/eex/eua-auction-report/emission-spot-primary-market-auction-report-2025-data.xlsx,2026-08-16T07:25Z,Official EEX public workbook parsed by build script; successful EUA primary auctions aggregated by auction date across PL.
EUA,2025-01-23,3245500,79.06,EUR,1.5,,EEX EUA Primary Market Auction Report,https://public.eex-group.com/eex/eua-auction-report/emission-spot-primary-market-auction-report-2025-data.xlsx,2026-08-16T07:25Z,Official EEX public workbook parsed by build script; successful EUA primary auctions aggregated by auction date across EU.
EUA,2025-01-24,1607000,78.43,EUR,2.23,,EEX EUA Primary Market Auction Report,https://public.eex-group.com/eex/eua-auction-report/emission-spot-primary-market-auction-report-2025-data.xlsx,2026-08-16T07:25Z,Official EEX public workbook parsed by build script; successful EUA primary auctions aggregated by auction date across DE.
EUA,2025-01-27,3245500,77.7,EUR,1.66,,EEX EUA Primary Market Auction Report,https://public.eex-group.com/eex/eua-auction-report/emission-spot-primary-market-auction-report-2025-data.xlsx,2026-08-16T07:25Z,Official EEX public workbook parsed by build script; successful EUA primary auctions aggregated by auction date across EU.
EUA,2025-01-28,3245500,77.06,EUR,1.7,,EEX EUA Primary Market Auction Report,https://public.eex-group.com/eex/eua-auction-report/emission-spot-primary-market-auction-report-2025-data.xlsx,2026-08-16T07:25Z,Official EEX public workbook parsed by build script; successful EUA primary auctions aggregated by auction date across EU.
EUA,2025-01-30,3245500,81.57,EUR,1.71,,EEX EUA Primary Market Auction Report,https://public.eex-group.com/eex/eua-auction-report/emission-spot-primary-market-auction-report-2025-data.xlsx,2026-08-16T07:25Z,Official EEX public workbook parsed by build script; successful EUA primary auctions aggregated by auction date across EU.
EUA,2025-01-31,1607000,81.11,EUR,2.24,,EEX EUA Primary Market Auction Report,https://public.eex-group.com/eex/eua-auction-report/emission-spot-primary-market-auction-report-2025-data.xlsx,2026-08-16T07:25Z,Official EEX public workbook parsed by build script; successful EUA primary auctions aggregated by auction date across DE.
EUA,2025-02-03,3245500,80.39,EUR,1.55,,EEX EUA Primary Market Auction Report,https://public.eex-group.com/eex/eua-auction-report/emission-spot-primary-market-auction-report-2025-data.xlsx,2026-08-16T07:25Z,Official EEX public workbook parsed by build script; successful EUA primary auctions aggregated by auction date across EU.
EUA,2025-02-04,3245500,79.06,EUR,1.69,,EEX EUA Primary Market Auction Report,https://public.eex-group.com/eex/eua-auction-report/emission-spot-primary-market-auction-report-2025-data.xlsx,2026-08-16T07:25Z,Official EEX public workbook parsed by build script; successful EUA primary auctions aggregated by auction date across EU.
EUA,2025-02-05,2072500,77.87,EUR,1.87,,EEX EUA Primary Market Auction Report,https://public.eex-group.com/eex/eua-auction-report/emission-spot-primary-market-auction-report-2025-data.xlsx,2026-08-16T07:25Z,Official EEX public workbook parsed by build script; successful EUA primary auctions aggregated by auction date across PL.
EUA,2025-02-06,3245500,79.75,EUR,1.52,,EEX EUA Primary Market Auction Report,https://public.eex-group.com/eex/eua-auction-report/emission-spot-primary-market-auction-report-2025-data.xlsx,2026-08-16T07:25Z,Official EEX public workbook parsed by build script; successful EUA primary auctions aggregated by auction date across EU.
EUA,2025-02-07,1607000,80.71,EUR,2.25,,EEX EUA Primary Market Auction Report,https://public.eex-group.com/eex/eua-auction-report/emission-spot-primary-market-auction-report-2025-data.xlsx,2026-08-16T07:25Z,Official EEX public workbook parsed by build script; successful EUA primary auctions aggregated by auction date across DE.
EUA,2025-02-10,3245500,81.27,EUR,1.52,,EEX EUA Primary Market Auction Report,https://public.eex-group.com/eex/eua-auction-report/emission-spot-primary-market-auction-report-2025-data.xlsx,2026-08-16T07:25Z,Official EEX public workbook parsed by build script; successful EUA primary auctions aggregated by auction date across EU.
EUA,2025-02-11,3245500,80.08,EUR,1.49,,EEX EUA Primary Market Auction Report,https://public.eex-group.com/eex/eua-auction-report/emission-spot-primary-market-auction-report-2025-data.xlsx,2026-08-16T07:25Z,Official EEX public workbook parsed by build script; successful EUA primary auctions aggregated by auction date across EU.
EUA,2025-02-13,3245500,76.77,EUR,1.46,,EEX EUA Primary Market Auction Report,https://public.eex-group.com/eex/eua-auction-report/emission-spot-primary-market-auction-report-2025-data.xlsx,2026-08-16T07:25Z,Official EEX public workbook parsed by build script; successful EUA primary auctions aggregated by auction date across EU.
EUA,2025-02-14,1607000,75.84,EUR,2.3,,EEX EUA Primary Market Auction Report,https://public.eex-group.com/eex/eua-auction-report/emission-spot-primary-market-auction-report-2025-data.xlsx,2026-08-16T07:25Z,Official EEX public workbook parsed by build script; successful EUA primary auctions aggregated by auction date across DE.
EUA,2025-02-17,3245500,77.02,EUR,1.53,,EEX EUA Primary Market Auction Report,https://public.eex-group.com/eex/eua-auction-report/emission-spot-primary-market-auction-report-2025-data.xlsx,2026-08-16T07:25Z,Official EEX public workbook parsed by build script; successful EUA primary auctions aggregated by auction date across EU.
EUA,2025-02-18,3245500,74.53,EUR,1.47,,EEX EUA Primary Market Auction Report,https://public.eex-group.com/eex/eua-auction-report/emission-spot-primary-market-auction-report-2025-data.xlsx,2026-08-16T07:25Z,Official EEX public workbook parsed by build script; successful EUA primary auctions aggregated by auction date across EU.
EUA,2025-02-19,2072500,72.9,EUR,1.99,,EEX EUA Primary Market Auction Report,https://public.eex-group.com/eex/eua-auction-report/emission-spot-primary-market-auction-report-2025-data.xlsx,2026-08-16T07:25Z,Official EEX public workbook parsed by build script; successful EUA primary auctions aggregated by auction date across PL.
EUA,2025-02-20,3245500,71.21,EUR,1.64,,EEX EUA Primary Market Auction Report,https://public.eex-group.com/eex/eua-auction-report/emission-spot-primary-market-auction-report-2025-data.xlsx,2026-08-16T07:25Z,Official EEX public workbook parsed by build script; successful EUA primary auctions aggregated by auction date across EU.
EUA,2025-02-21,1607000,73.01,EUR,2.12,,EEX EUA Primary Market Auction Report,https://public.eex-group.com/eex/eua-auction-report/emission-spot-primary-market-auction-report-2025-data.xlsx,2026-08-16T07:25Z,Official EEX public workbook parsed by build script; successful EUA primary auctions aggregated by auction date across DE.
EUA,2025-02-24,3245500,70.8,EUR,1.47,,EEX EUA Primary Market Auction Report,https://public.eex-group.com/eex/eua-auction-report/emission-spot-primary-market-auction-report-2025-data.xlsx,2026-08-16T07:25Z,Official EEX public workbook parsed by build script; successful EUA primary auctions aggregated by auction date across EU.
EUA,2025-02-25,3245500,71.15,EUR,1.72,,EEX EUA Primary Market Auction Report,https://public.eex-group.com/eex/eua-auction-report/emission-spot-primary-market-auction-report-2025-data.xlsx,2026-08-16T07:25Z,Official EEX public workbook parsed by build script; successful EUA primary auctions aggregated by auction date across EU.
EUA,2025-02-27,3245500,69.96,EUR,2.0,,EEX EUA Primary Market Auction Report,https://public.eex-group.com/eex/eua-auction-report/emission-spot-primary-market-auction-report-2025-data.xlsx,2026-08-16T07:25Z,Official EEX public workbook parsed by build script; successful EUA primary auctions aggregated by auction date across EU.
EUA,2025-02-28,1607000,70.65,EUR,2.6,,EEX EUA Primary Market Auction Report,https://public.eex-group.com/eex/eua-auction-report/emission-spot-primary-market-auction-report-2025-data.xlsx,2026-08-16T07:25Z,Official EEX public workbook parsed by build script; successful EUA primary auctions aggregated by auction date across DE.
EUA,2025-03-03,3245500,70.31,EUR,1.59,,EEX EUA Primary Market Auction Report,https://public.eex-group.com/eex/eua-auction-report/emission-spot-primary-market-auction-report-2025-data.xlsx,2026-08-16T07:25Z,Official EEX public workbook parsed by build script; successful EUA primary auctions aggregated by auction date across EU.
EUA,2025-03-04,3245500,68.1,EUR,1.66,,EEX EUA Primary Market Auction Report,https://public.eex-group.com/eex/eua-auction-report/emission-spot-primary-market-auction-report-2025-data.xlsx,2026-08-16T07:25Z,Official EEX public workbook parsed by build script; successful EUA primary auctions aggregated by auction date across EU.
EUA,2025-03-05,2072500,67.99,EUR,2.47,,EEX EUA Primary Market Auction Report,https://public.eex-group.com/eex/eua-auction-report/emission-spot-primary-market-auction-report-2025-data.xlsx,2026-08-16T07:25Z,Official EEX public workbook parsed by build script; successful EUA primary auctions aggregated by auction date across PL.
EUA,2025-03-06,3245500,66.58,EUR,1.53,,EEX EUA Primary Market Auction Report,https://public.eex-group.com/eex/eua-auction-report/emission-spot-primary-market-auction-report-2025-data.xlsx,2026-08-16T07:25Z,Official EEX public workbook parsed by build script; successful EUA primary auctions aggregated by auction date across EU.
EUA,2025-03-07,1607000,67.77,EUR,2.42,,EEX EUA Primary Market Auction Report,https://public.eex-group.com/eex/eua-auction-report/emission-spot-primary-market-auction-report-2025-data.xlsx,2026-08-16T07:25Z,Official EEX public workbook parsed by build script; successful EUA primary auctions aggregated by auction date across DE.
EUA,2025-03-10,3245500,68.18,EUR,1.44,,EEX EUA Primary Market Auction Report,https://public.eex-group.com/eex/eua-auction-report/emission-spot-primary-market-auction-report-2025-data.xlsx,2026-08-16T07:25Z,Official EEX public workbook parsed by build script; successful EUA primary auctions aggregated by auction date across EU.
EUA,2025-03-11,3245500,67.02,EUR,1.44,,EEX EUA Primary Market Auction Report,https://public.eex-group.com/eex/eua-auction-report/emission-spot-primary-market-auction-report-2025-data.xlsx,2026-08-16T07:25Z,Official EEX public workbook parsed by build script; successful EUA primary auctions aggregated by auction date across EU.
EUA,2025-03-13,3245500,68.2,EUR,1.81,,EEX EUA Primary Market Auction Report,https://public.eex-group.com/eex/eua-auction-report/emission-spot-primary-market-auction-report-2025-data.xlsx,2026-08-16T07:25Z,Official EEX public workbook parsed by build script; successful EUA primary auctions aggregated by auction date across EU.
EUA,2025-03-14,1607000,68.65,EUR,2.19,,EEX EUA Primary Market Auction Report,https://public.eex-group.com/eex/eua-auction-report/emission-spot-primary-market-auction-report-2025-data.xlsx,2026-08-16T07:25Z,Official EEX public workbook parsed by build script; successful EUA primary auctions aggregated by auction date across DE.
EUA,2025-03-17,3245500,68.53,EUR,1.59,,EEX EUA Primary Market Auction Report,https://public.eex-group.com/eex/eua-auction-report/emission-spot-primary-market-auction-report-2025-data.xlsx,2026-08-16T07:25Z,Official EEX public workbook parsed by build script; successful EUA primary auctions aggregated by auction date across EU.
EUA,2025-03-18,3245500,68.66,EUR,1.64,,EEX EUA Primary Market Auction Report,https://public.eex-group.com/eex/eua-auction-report/emission-spot-primary-market-auction-report-2025-data.xlsx,2026-08-16T07:25Z,Official EEX public workbook parsed by build script; successful EUA primary auctions aggregated by auction date across EU.
EUA,2025-03-19,2072500,71.35,EUR,1.98,,EEX EUA Primary Market Auction Report,https://public.eex-group.com/eex/eua-auction-report/emission-spot-primary-market-auction-report-2025-data.xlsx,2026-08-16T07:25Z,Official EEX public workbook parsed by build script; successful EUA primary auctions aggregated by auction date across PL.
EUA,2025-03-20,3245500,71.54,EUR,1.35,,EEX EUA Primary Market Auction Report,https://public.eex-group.com/eex/eua-auction-report/emission-spot-primary-market-auction-report-2025-data.xlsx,2026-08-16T07:25Z,Official EEX public workbook parsed by build script; successful EUA primary auctions aggregated by auction date across EU.
EUA,2025-03-21,1607000,71.56,EUR,2.14,,EEX EUA Primary Market Auction Report,https://public.eex-group.com/eex/eua-auction-report/emission-spot-primary-market-auction-report-2025-data.xlsx,2026-08-16T07:25Z,Official EEX public workbook parsed by build script; successful EUA primary auctions aggregated by auction date across DE.
EUA,2025-03-24,3245500,69.85,EUR,1.64,,EEX EUA Primary Market Auction Report,https://public.eex-group.com/eex/eua-auction-report/emission-spot-primary-market-auction-report-2025-data.xlsx,2026-08-16T07:25Z,Official EEX public workbook parsed by build script; successful EUA primary auctions aggregated by auction date across EU.
EUA,2025-03-25,3245500,69.61,EUR,1.5,,EEX EUA Primary Market Auction Report,https://public.eex-group.com/eex/eua-auction-report/emission-spot-primary-market-auction-report-2025-data.xlsx,2026-08-16T07:25Z,Official EEX public workbook parsed by build script; successful EUA primary auctions aggregated by auction date across EU.
EUA,2025-03-27,3245500,68.41,EUR,1.54,,EEX EUA Primary Market Auction Report,https://public.eex-group.com/eex/eua-auction-report/emission-spot-primary-market-auction-report-2025-data.xlsx,2026-08-16T07:25Z,Official EEX public workbook parsed by build script; successful EUA primary auctions aggregated by auction date across EU.
EUA,2025-03-28,1607000,67.36,EUR,2.48,,EEX EUA Primary Market Auction Report,https://public.eex-group.com/eex/eua-auction-report/emission-spot-primary-market-auction-report-2025-data.xlsx,2026-08-16T07:25Z,Official EEX public workbook parsed by build script; successful EUA primary auctions aggregated by auction date across DE.
EUA,2025-03-31,3246500,66.8,EUR,1.64,,EEX EUA Primary Market Auction Report,https://public.eex-group.com/eex/eua-auction-report/emission-spot-primary-market-auction-report-2025-data.xlsx,2026-08-16T07:25Z,Official EEX public workbook parsed by build script; successful EUA primary auctions aggregated by auction date across EU.
EUA,2025-04-01,3245500,66.71,EUR,1.55,,EEX EUA Primary Market Auction Report,https://public.eex-group.com/eex/eua-auction-report/emission-spot-primary-market-auction-report-2025-data.xlsx,2026-08-16T07:25Z,Official EEX public workbook parsed by build script; successful EUA primary auctions aggregated by auction date across EU.
EUA,2025-04-02,2072500,68.62,EUR,2.05,,EEX EUA Primary Market Auction Report,https://public.eex-group.com/eex/eua-auction-report/emission-spot-primary-market-auction-report-2025-data.xlsx,2026-08-16T07:25Z,Official EEX public workbook parsed by build script; successful EUA primary auctions aggregated by auction date across PL.
EUA,2025-04-03,3245500,65.75,EUR,1.82,,EEX EUA Primary Market Auction Report,https://public.eex-group.com/eex/eua-auction-report/emission-spot-primary-market-auction-report-2025-data.xlsx,2026-08-16T07:25Z,Official EEX public workbook parsed by build script; successful EUA primary auctions aggregated by auction date across EU.
EUA,2025-04-04,1607000,63.8,EUR,1.94,,EEX EUA Primary Market Auction Report,https://public.eex-group.com/eex/eua-auction-report/emission-spot-primary-market-auction-report-2025-data.xlsx,2026-08-16T07:25Z,Official EEX public workbook parsed by build script; successful EUA primary auctions aggregated by auction date across DE.
EUA,2025-04-07,3245500,59.76,EUR,1.64,,EEX EUA Primary Market Auction Report,https://public.eex-group.com/eex/eua-auction-report/emission-spot-primary-market-auction-report-2025-data.xlsx,2026-08-16T07:25Z,Official EEX public workbook parsed by build script; successful EUA primary auctions aggregated by auction date across EU.
EUA,2025-04-08,3245500,60.35,EUR,1.62,,EEX EUA Primary Market Auction Report,https://public.eex-group.com/eex/eua-auction-report/emission-spot-primary-market-auction-report-2025-data.xlsx,2026-08-16T07:25Z,Official EEX public workbook parsed by build script; successful EUA primary auctions aggregated by auction date across EU.
EUA,2025-04-10,3245500,62.08,EUR,1.33,,EEX EUA Primary Market Auction Report,https://public.eex-group.com/eex/eua-auction-report/emission-spot-primary-market-auction-report-2025-data.xlsx,2026-08-16T07:25Z,Official EEX public workbook parsed by build script; successful EUA primary auctions aggregated by auction date across EU.
EUA,2025-04-11,1607000,61.01,EUR,2.17,,EEX EUA Primary Market Auction Report,https://public.eex-group.com/eex/eua-auction-report/emission-spot-primary-market-auction-report-2025-data.xlsx,2026-08-16T07:25Z,Official EEX public workbook parsed by build script; successful EUA primary auctions aggregated by auction date across DE.
EUA,2025-04-14,3245500,64.6,EUR,1.59,,EEX EUA Primary Market Auction Report,https://public.eex-group.com/eex/eua-auction-report/emission-spot-primary-market-auction-report-2025-data.xlsx,2026-08-16T07:25Z,Official EEX public workbook parsed by build script; successful EUA primary auctions aggregated by auction date across EU.
EUA,2025-04-15,3245500,66.21,EUR,1.46,,EEX EUA Primary Market Auction Report,https://public.eex-group.com/eex/eua-auction-report/emission-spot-primary-market-auction-report-2025-data.xlsx,2026-08-16T07:25Z,Official EEX public workbook parsed by build script; successful EUA primary auctions aggregated by auction date across EU.
EUA,2025-04-16,2072500,65.98,EUR,1.72,,EEX EUA Primary Market Auction Report,https://public.eex-group.com/eex/eua-auction-report/emission-spot-primary-market-auction-report-2025-data.xlsx,2026-08-16T07:25Z,Official EEX public workbook parsed by build script; successful EUA primary auctions aggregated by auction date across PL.
EUA,2025-04-17,3245500,65.06,EUR,1.5,,EEX EUA Primary Market Auction Report,https://public.eex-group.com/eex/eua-auction-report/emission-spot-primary-market-auction-report-2025-data.xlsx,2026-08-16T07:25Z,Official EEX public workbook parsed by build script; successful EUA primary auctions aggregated by auction date across EU.
EUA,2025-04-22,3245500,63.3,EUR,1.51,,EEX EUA Primary Market Auction Report,https://public.eex-group.com/eex/eua-auction-report/emission-spot-primary-market-auction-report-2025-data.xlsx,2026-08-16T07:25Z,Official EEX public workbook parsed by build script; successful EUA primary auctions aggregated by auction date across EU.
EUA,2025-04-24,3245500,63.93,EUR,1.58,,EEX EUA Primary Market Auction Report,https://public.eex-group.com/eex/eua-auction-report/emission-spot-primary-market-auction-report-2025-data.xlsx,2026-08-16T07:25Z,Official EEX public workbook parsed by build script; successful EUA primary auctions aggregated by auction date across EU.
EUA,2025-04-25,1607000,65.89,EUR,2.41,,EEX EUA Primary Market Auction Report,https://public.eex-group.com/eex/eua-auction-report/emission-spot-primary-market-auction-report-2025-data.xlsx,2026-08-16T07:25Z,Official EEX public workbook parsed by build script; successful EUA primary auctions aggregated by auction date across DE.
EUA,2025-04-28,3245500,64.2,EUR,1.59,,EEX EUA Primary Market Auction Report,https://public.eex-group.com/eex/eua-auction-report/emission-spot-primary-market-auction-report-2025-data.xlsx,2026-08-16T07:25Z,Official EEX public workbook parsed by build script; successful EUA primary auctions aggregated by auction date across EU.
EUA,2025-04-29,3245500,63.55,EUR,1.45,,EEX EUA Primary Market Auction Report,https://public.eex-group.com/eex/eua-auction-report/emission-spot-primary-market-auction-report-2025-data.xlsx,2026-08-16T07:25Z,Official EEX public workbook parsed by build script; successful EUA primary auctions aggregated by auction date across EU.
EUA,2025-04-30,2072500,65.05,EUR,1.51,,EEX EUA Primary Market Auction Report,https://public.eex-group.com/eex/eua-auction-report/emission-spot-primary-market-auction-report-2025-data.xlsx,2026-08-16T07:25Z,Official EEX public workbook parsed by build script; successful EUA primary auctions aggregated by auction date across PL.
EUA,2025-05-05,3245500,66.64,EUR,1.56,,EEX EUA Primary Market Auction Report,https://public.eex-group.com/eex/eua-auction-report/emission-spot-primary-market-auction-report-2025-data.xlsx,2026-08-16T07:25Z,Official EEX public workbook parsed by build script; successful EUA primary auctions aggregated by auction date across EU.
EUA,2025-05-06,3245500,67.88,EUR,1.67,,EEX EUA Primary Market Auction Report,https://public.eex-group.com/eex/eua-auction-report/emission-spot-primary-market-auction-report-2025-data.xlsx,2026-08-16T07:25Z,Official EEX public workbook parsed by build script; successful EUA primary auctions aggregated by auction date across EU.
EUA,2025-05-08,3245500,70.3,EUR,1.92,,EEX EUA Primary Market Auction Report,https://public.eex-group.com/eex/eua-auction-report/emission-spot-primary-market-auction-report-2025-data.xlsx,2026-08-16T07:25Z,Official EEX public workbook parsed by build script; successful EUA primary auctions aggregated by auction date across EU.
EUA,2025-05-09,1607000,70.2,EUR,2.33,,EEX EUA Primary Market Auction Report,https://public.eex-group.com/eex/eua-auction-report/emission-spot-primary-market-auction-report-2025-data.xlsx,2026-08-16T07:25Z,Official EEX public workbook parsed by build script; successful EUA primary auctions aggregated by auction date across DE.
EUA,2025-05-12,3245500,71.01,EUR,1.56,,EEX EUA Primary Market Auction Report,https://public.eex-group.com/eex/eua-auction-report/emission-spot-primary-market-auction-report-2025-data.xlsx,2026-08-16T07:25Z,Official EEX public workbook parsed by build script; successful EUA primary auctions aggregated by auction date across EU.
EUA,2025-05-13,3245500,71.69,EUR,1.4,,EEX EUA Primary Market Auction Report,https://public.eex-group.com/eex/eua-auction-report/emission-spot-primary-market-auction-report-2025-data.xlsx,2026-08-16T07:25Z,Official EEX public workbook parsed by build script; successful EUA primary auctions aggregated by auction date across EU.
EUA,2025-05-14,2072500,71.85,EUR,1.82,,EEX EUA Primary Market Auction Report,https://public.eex-group.com/eex/eua-auction-report/emission-spot-primary-market-auction-report-2025-data.xlsx,2026-08-16T07:25Z,Official EEX public workbook parsed by build script; successful EUA primary auctions aggregated by auction date across PL.
EUA,2025-05-15,3245500,70.11,EUR,1.71,,EEX EUA Primary Market Auction Report,https://public.eex-group.com/eex/eua-auction-report/emission-spot-primary-market-auction-report-2025-data.xlsx,2026-08-16T07:25Z,Official EEX public workbook parsed by build script; successful EUA primary auctions aggregated by auction date across EU.
EUA,2025-05-16,1607000,72.94,EUR,1.91,,EEX EUA Primary Market Auction Report,https://public.eex-group.com/eex/eua-auction-report/emission-spot-primary-market-auction-report-2025-data.xlsx,2026-08-16T07:25Z,Official EEX public workbook parsed by build script; successful EUA primary auctions aggregated by auction date across DE.
EUA,2025-05-19,3245500,69.44,EUR,1.29,,EEX EUA Primary Market Auction Report,https://public.eex-group.com/eex/eua-auction-report/emission-spot-primary-market-auction-report-2025-data.xlsx,2026-08-16T07:25Z,Official EEX public workbook parsed by build script; successful EUA primary auctions aggregated by auction date across EU.
EUA,2025-05-20,3245500,70.69,EUR,1.39,,EEX EUA Primary Market Auction Report,https://public.eex-group.com/eex/eua-auction-report/emission-spot-primary-market-auction-report-2025-data.xlsx,2026-08-16T07:25Z,Official EEX public workbook parsed by build script; successful EUA primary auctions aggregated by auction date across EU.
EUA,2025-05-22,3245500,71.84,EUR,1.72,,EEX EUA Primary Market Auction Report,https://public.eex-group.com/eex/eua-auction-report/emission-spot-primary-market-auction-report-2025-data.xlsx,2026-08-16T07:25Z,Official EEX public workbook parsed by build script; successful EUA primary auctions aggregated by auction date across EU.
EUA,2025-05-23,1607000,71.11,EUR,2.22,,EEX EUA Primary Market Auction Report,https://public.eex-group.com/eex/eua-auction-report/emission-spot-primary-market-auction-report-2025-data.xlsx,2026-08-16T07:25Z,Official EEX public workbook parsed by build script; successful EUA primary auctions aggregated by auction date across DE.
EUA,2025-05-27,3245500,71.51,EUR,1.39,,EEX EUA Primary Market Auction Report,https://public.eex-group.com/eex/eua-auction-report/emission-spot-primary-market-auction-report-2025-data.xlsx,2026-08-16T07:25Z,Official EEX public workbook parsed by build script; successful EUA primary auctions aggregated by auction date across EU.
EUA,2025-05-28,2072500,70.54,EUR,1.87,,EEX EUA Primary Market Auction Report,https://public.eex-group.com/eex/eua-auction-report/emission-spot-primary-market-auction-report-2025-data.xlsx,2026-08-16T07:25Z,Official EEX public workbook parsed by build script; successful EUA primary auctions aggregated by auction date across PL.
EUA,2025-06-02,3245500,70.58,EUR,1.5,,EEX EUA Primary Market Auction Report,https://public.eex-group.com/eex/eua-auction-report/emission-spot-primary-market-auction-report-2025-data.xlsx,2026-08-16T07:25Z,Official EEX public workbook parsed by build script; successful EUA primary auctions aggregated by auction date across EU.
EUA,2025-06-03,3245500,70.61,EUR,1.48,,EEX EUA Primary Market Auction Report,https://public.eex-group.com/eex/eua-auction-report/emission-spot-primary-market-auction-report-2025-data.xlsx,2026-08-16T07:25Z,Official EEX public workbook parsed by build script; successful EUA primary auctions aggregated by auction date across EU.
EUA,2025-06-05,3245500,72.54,EUR,1.46,,EEX EUA Primary Market Auction Report,https://public.eex-group.com/eex/eua-auction-report/emission-spot-primary-market-auction-report-2025-data.xlsx,2026-08-16T07:25Z,Official EEX public workbook parsed by build script; successful EUA primary auctions aggregated by auction date across EU.
EUA,2025-06-06,1607000,72.3,EUR,1.74,,EEX EUA Primary Market Auction Report,https://public.eex-group.com/eex/eua-auction-report/emission-spot-primary-market-auction-report-2025-data.xlsx,2026-08-16T07:25Z,Official EEX public workbook parsed by build script; successful EUA primary auctions aggregated by auction date across DE.
EUA,2025-06-10,3245500,72.16,EUR,1.64,,EEX EUA Primary Market Auction Report,https://public.eex-group.com/eex/eua-auction-report/emission-spot-primary-market-auction-report-2025-data.xlsx,2026-08-16T07:25Z,Official EEX public workbook parsed by build script; successful EUA primary auctions aggregated by auction date across EU.
EUA,2025-06-11,2072500,73.5,EUR,1.56,,EEX EUA Primary Market Auction Report,https://public.eex-group.com/eex/eua-auction-report/emission-spot-primary-market-auction-report-2025-data.xlsx,2026-08-16T07:25Z,Official EEX public workbook parsed by build script; successful EUA primary auctions aggregated by auction date across PL.
EUA,2025-06-12,3245500,72.71,EUR,1.31,,EEX EUA Primary Market Auction Report,https://public.eex-group.com/eex/eua-auction-report/emission-spot-primary-market-auction-report-2025-data.xlsx,2026-08-16T07:25Z,Official EEX public workbook parsed by build script; successful EUA primary auctions aggregated by auction date across EU.
EUA,2025-06-13,1607000,75.36,EUR,1.84,,EEX EUA Primary Market Auction Report,https://public.eex-group.com/eex/eua-auction-report/emission-spot-primary-market-auction-report-2025-data.xlsx,2026-08-16T07:25Z,Official EEX public workbook parsed by build script; successful EUA primary auctions aggregated by auction date across DE.
EUA,2025-06-16,3245500,74.51,EUR,1.35,,EEX EUA Primary Market Auction Report,https://public.eex-group.com/eex/eua-auction-report/emission-spot-primary-market-auction-report-2025-data.xlsx,2026-08-16T07:25Z,Official EEX public workbook parsed by build script; successful EUA primary auctions aggregated by auction date across EU.
EUA,2025-06-17,3245500,74.05,EUR,1.61,,EEX EUA Primary Market Auction Report,https://public.eex-group.com/eex/eua-auction-report/emission-spot-primary-market-auction-report-2025-data.xlsx,2026-08-16T07:25Z,Official EEX public workbook parsed by build script; successful EUA primary auctions aggregated by auction date across EU.
EUA,2025-06-19,3245500,73.48,EUR,1.39,,EEX EUA Primary Market Auction Report,https://public.eex-group.com/eex/eua-auction-report/emission-spot-primary-market-auction-report-2025-data.xlsx,2026-08-16T07:25Z,Official EEX public workbook parsed by build script; successful EUA primary auctions aggregated by auction date across EU.
EUA,2025-06-20,1607000,71.97,EUR,2.37,,EEX EUA Primary Market Auction Report,https://public.eex-group.com/eex/eua-auction-report/emission-spot-primary-market-auction-report-2025-data.xlsx,2026-08-16T07:25Z,Official EEX public workbook parsed by build script; successful EUA primary auctions aggregated by auction date across DE.
EUA,2025-06-23,3245500,72.0,EUR,1.43,,EEX EUA Primary Market Auction Report,https://public.eex-group.com/eex/eua-auction-report/emission-spot-primary-market-auction-report-2025-data.xlsx,2026-08-16T07:25Z,Official EEX public workbook parsed by build script; successful EUA primary auctions aggregated by auction date across EU.
EUA,2025-06-24,3245500,72.91,EUR,1.32,,EEX EUA Primary Market Auction Report,https://public.eex-group.com/eex/eua-auction-report/emission-spot-primary-market-auction-report-2025-data.xlsx,2026-08-16T07:25Z,Official EEX public workbook parsed by build script; successful EUA primary auctions aggregated by auction date across EU.
EUA,2025-06-25,2072500,71.72,EUR,1.72,,EEX EUA Primary Market Auction Report,https://public.eex-group.com/eex/eua-auction-report/emission-spot-primary-market-auction-report-2025-data.xlsx,2026-08-16T07:25Z,Official EEX public workbook parsed by build script; successful EUA primary auctions aggregated by auction date across PL.
EUA,2025-06-26,3245500,69.46,EUR,1.49,,EEX EUA Primary Market Auction Report,https://public.eex-group.com/eex/eua-auction-report/emission-spot-primary-market-auction-report-2025-data.xlsx,2026-08-16T07:25Z,Official EEX public workbook parsed by build script; successful EUA primary auctions aggregated by auction date across EU.
EUA,2025-06-27,1607000,69.4,EUR,1.48,,EEX EUA Primary Market Auction Report,https://public.eex-group.com/eex/eua-auction-report/emission-spot-primary-market-auction-report-2025-data.xlsx,2026-08-16T07:25Z,Official EEX public workbook parsed by build script; successful EUA primary auctions aggregated by auction date across DE.
EUA,2025-06-30,3246500,68.95,EUR,1.54,,EEX EUA Primary Market Auction Report,https://public.eex-group.com/eex/eua-auction-report/emission-spot-primary-market-auction-report-2025-data.xlsx,2026-08-16T07:25Z,Official EEX public workbook parsed by build script; successful EUA primary auctions aggregated by auction date across EU.
EUA,2025-07-01,3245500,69.01,EUR,1.39,,EEX EUA Primary Market Auction Report,https://public.eex-group.com/eex/eua-auction-report/emission-spot-primary-market-auction-report-2025-data.xlsx,2026-08-16T07:25Z,Official EEX public workbook parsed by build script; successful EUA primary auctions aggregated by auction date across EU.
EUA,2025-07-03,3245500,70.52,EUR,1.69,,EEX EUA Primary Market Auction Report,https://public.eex-group.com/eex/eua-auction-report/emission-spot-primary-market-auction-report-2025-data.xlsx,2026-08-16T07:25Z,Official EEX public workbook parsed by build script; successful EUA primary auctions aggregated by auction date across EU.
EUA,2025-07-04,1607000,70.85,EUR,2.18,,EEX EUA Primary Market Auction Report,https://public.eex-group.com/eex/eua-auction-report/emission-spot-primary-market-auction-report-2025-data.xlsx,2026-08-16T07:25Z,Official EEX public workbook parsed by build script; successful EUA primary auctions aggregated by auction date across DE.
EUA,2025-07-07,3245500,70.34,EUR,1.46,,EEX EUA Primary Market Auction Report,https://public.eex-group.com/eex/eua-auction-report/emission-spot-primary-market-auction-report-2025-data.xlsx,2026-08-16T07:25Z,Official EEX public workbook parsed by build script; successful EUA primary auctions aggregated by auction date across EU.
EUA,2025-07-08,3245500,69.96,EUR,1.51,,EEX EUA Primary Market Auction Report,https://public.eex-group.com/eex/eua-auction-report/emission-spot-primary-market-auction-report-2025-data.xlsx,2026-08-16T07:25Z,Official EEX public workbook parsed by build script; successful EUA primary auctions aggregated by auction date across EU.
EUA,2025-07-09,2072500,69.88,EUR,1.62,,EEX EUA Primary Market Auction Report,https://public.eex-group.com/eex/eua-auction-report/emission-spot-primary-market-auction-report-2025-data.xlsx,2026-08-16T07:25Z,Official EEX public workbook parsed by build script; successful EUA primary auctions aggregated by auction date across PL.
EUA,2025-07-10,3245500,70.44,EUR,1.35,,EEX EUA Primary Market Auction Report,https://public.eex-group.com/eex/eua-auction-report/emission-spot-primary-market-auction-report-2025-data.xlsx,2026-08-16T07:25Z,Official EEX public workbook parsed by build script; successful EUA primary auctions aggregated by auction date across EU.
EUA,2025-07-11,1607000,69.3,EUR,2.1,,EEX EUA Primary Market Auction Report,https://public.eex-group.com/eex/eua-auction-report/emission-spot-primary-market-auction-report-2025-data.xlsx,2026-08-16T07:25Z,Official EEX public workbook parsed by build script; successful EUA primary auctions aggregated by auction date across DE.
EUA,2025-07-14,3245500,70.42,EUR,1.68,,EEX EUA Primary Market Auction Report,https://public.eex-group.com/eex/eua-auction-report/emission-spot-primary-market-auction-report-2025-data.xlsx,2026-08-16T07:25Z,Official EEX public workbook parsed by build script; successful EUA primary auctions aggregated by auction date across EU.
EUA,2025-07-15,3245500,69.76,EUR,1.69,,EEX EUA Primary Market Auction Report,https://public.eex-group.com/eex/eua-auction-report/emission-spot-primary-market-auction-report-2025-data.xlsx,2026-08-16T07:25Z,Official EEX public workbook parsed by build script; successful EUA primary auctions aggregated by auction date across EU.
EUA,2025-07-17,3245500,70.05,EUR,1.5,,EEX EUA Primary Market Auction Report,https://public.eex-group.com/eex/eua-auction-report/emission-spot-primary-market-auction-report-2025-data.xlsx,2026-08-16T07:25Z,Official EEX public workbook parsed by build script; successful EUA primary auctions aggregated by auction date across EU.
EUA,2025-07-18,1607000,69.68,EUR,2.4,,EEX EUA Primary Market Auction Report,https://public.eex-group.com/eex/eua-auction-report/emission-spot-primary-market-auction-report-2025-data.xlsx,2026-08-16T07:25Z,Official EEX public workbook parsed by build script; successful EUA primary auctions aggregated by auction date across DE.
EUA,2025-07-21,3245500,69.53,EUR,1.57,,EEX EUA Primary Market Auction Report,https://public.eex-group.com/eex/eua-auction-report/emission-spot-primary-market-auction-report-2025-data.xlsx,2026-08-16T07:25Z,Official EEX public workbook parsed by build script; successful EUA primary auctions aggregated by auction date across EU.
EUA,2025-07-22,3245500,68.73,EUR,1.26,,EEX EUA Primary Market Auction Report,https://public.eex-group.com/eex/eua-auction-report/emission-spot-primary-market-auction-report-2025-data.xlsx,2026-08-16T07:25Z,Official EEX public workbook parsed by build script; successful EUA primary auctions aggregated by auction date across EU.
EUA,2025-07-23,2072500,69.1,EUR,2.11,,EEX EUA Primary Market Auction Report,https://public.eex-group.com/eex/eua-auction-report/emission-spot-primary-market-auction-report-2025-data.xlsx,2026-08-16T07:25Z,Official EEX public workbook parsed by build script; successful EUA primary auctions aggregated by auction date across PL.
EUA,2025-07-24,3245500,68.89,EUR,1.57,,EEX EUA Primary Market Auction Report,https://public.eex-group.com/eex/eua-auction-report/emission-spot-primary-market-auction-report-2025-data.xlsx,2026-08-16T07:25Z,Official EEX public workbook parsed by build script; successful EUA primary auctions aggregated by auction date across EU.
EUA,2025-07-25,1607000,70.22,EUR,1.88,,EEX EUA Primary Market Auction Report,https://public.eex-group.com/eex/eua-auction-report/emission-spot-primary-market-auction-report-2025-data.xlsx,2026-08-16T07:25Z,Official EEX public workbook parsed by build script; successful EUA primary auctions aggregated by auction date across DE.
EUA,2025-07-28,3245500,70.63,EUR,1.44,,EEX EUA Primary Market Auction Report,https://public.eex-group.com/eex/eua-auction-report/emission-spot-primary-market-auction-report-2025-data.xlsx,2026-08-16T07:25Z,Official EEX public workbook parsed by build script; successful EUA primary auctions aggregated by auction date across EU.
EUA,2025-07-29,3245500,70.53,EUR,1.69,,EEX EUA Primary Market Auction Report,https://public.eex-group.com/eex/eua-auction-report/emission-spot-primary-market-auction-report-2025-data.xlsx,2026-08-16T07:25Z,Official EEX public workbook parsed by build script; successful EUA primary auctions aggregated by auction date across EU.
EUA,2025-07-31,3245500,72.0,EUR,1.5,,EEX EUA Primary Market Auction Report,https://public.eex-group.com/eex/eua-auction-report/emission-spot-primary-market-auction-report-2025-data.xlsx,2026-08-16T07:25Z,Official EEX public workbook parsed by build script; successful EUA primary auctions aggregated by auction date across EU.
EUA,2025-08-01,1607000,71.14,EUR,1.75,,EEX EUA Primary Market Auction Report,https://public.eex-group.com/eex/eua-auction-report/emission-spot-primary-market-auction-report-2025-data.xlsx,2026-08-16T07:25Z,Official EEX public workbook parsed by build script; successful EUA primary auctions aggregated by auction date across DE.
EUA,2025-08-04,3245500,69.52,EUR,1.47,,EEX EUA Primary Market Auction Report,https://public.eex-group.com/eex/eua-auction-report/emission-spot-primary-market-auction-report-2025-data.xlsx,2026-08-16T07:25Z,Official EEX public workbook parsed by build script; successful EUA primary auctions aggregated by auction date across EU.
EUA,2025-08-05,3245500,70.07,EUR,1.6,,EEX EUA Primary Market Auction Report,https://public.eex-group.com/eex/eua-auction-report/emission-spot-primary-market-auction-report-2025-data.xlsx,2026-08-16T07:25Z,Official EEX public workbook parsed by build script; successful EUA primary auctions aggregated by auction date across EU.
EUA,2025-08-06,2072500,70.74,EUR,1.75,,EEX EUA Primary Market Auction Report,https://public.eex-group.com/eex/eua-auction-report/emission-spot-primary-market-auction-report-2025-data.xlsx,2026-08-16T07:25Z,Official EEX public workbook parsed by build script; successful EUA primary auctions aggregated by auction date across PL.
EUA,2025-08-07,3245500,70.1,EUR,1.69,,EEX EUA Primary Market Auction Report,https://public.eex-group.com/eex/eua-auction-report/emission-spot-primary-market-auction-report-2025-data.xlsx,2026-08-16T07:25Z,Official EEX public workbook parsed by build script; successful EUA primary auctions aggregated by auction date across EU.
EUA,2025-08-08,1607000,72.14,EUR,1.67,,EEX EUA Primary Market Auction Report,https://public.eex-group.com/eex/eua-auction-report/emission-spot-primary-market-auction-report-2025-data.xlsx,2026-08-16T07:25Z,Official EEX public workbook parsed by build script; successful EUA primary auctions aggregated by auction date across DE.
EUA,2025-08-11,3245500,72.18,EUR,1.46,,EEX EUA Primary Market Auction Report,https://public.eex-group.com/eex/eua-auction-report/emission-spot-primary-market-auction-report-2025-data.xlsx,2026-08-16T07:25Z,Official EEX public workbook parsed by build script; successful EUA primary auctions aggregated by auction date across EU.
EUA,2025-08-12,3245500,71.3,EUR,1.58,,EEX EUA Primary Market Auction Report,https://public.eex-group.com/eex/eua-auction-report/emission-spot-primary-market-auction-report-2025-data.xlsx,2026-08-16T07:25Z,Official EEX public workbook parsed by build script; successful EUA primary auctions aggregated by auction date across EU.
EUA,2025-08-14,3245500,70.54,EUR,1.49,,EEX EUA Primary Market Auction Report,https://public.eex-group.com/eex/eua-auction-report/emission-spot-primary-market-auction-report-2025-data.xlsx,2026-08-16T07:25Z,Official EEX public workbook parsed by build script; successful EUA primary auctions aggregated by auction date across EU.
EUA,2025-08-15,1607000,70.13,EUR,2.19,,EEX EUA Primary Market Auction Report,https://public.eex-group.com/eex/eua-auction-report/emission-spot-primary-market-auction-report-2025-data.xlsx,2026-08-16T07:25Z,Official EEX public workbook parsed by build script; successful EUA primary auctions aggregated by auction date across DE.
EUA,2025-08-18,3245500,70.21,EUR,1.59,,EEX EUA Primary Market Auction Report,https://public.eex-group.com/eex/eua-auction-report/emission-spot-primary-market-auction-report-2025-data.xlsx,2026-08-16T07:25Z,Official EEX public workbook parsed by build script; successful EUA primary auctions aggregated by auction date across EU.
EUA,2025-08-19,3245500,71.37,EUR,1.59,,EEX EUA Primary Market Auction Report,https://public.eex-group.com/eex/eua-auction-report/emission-spot-primary-market-auction-report-2025-data.xlsx,2026-08-16T07:25Z,Official EEX public workbook parsed by build script; successful EUA primary auctions aggregated by auction date across EU.
EUA,2025-08-20,2069000,70.47,EUR,1.66,,EEX EUA Primary Market Auction Report,https://public.eex-group.com/eex/eua-auction-report/emission-spot-primary-market-auction-report-2025-data.xlsx,2026-08-16T07:25Z,Official EEX public workbook parsed by build script; successful EUA primary auctions aggregated by auction date across PL.
EUA,2025-08-21,3245500,71.19,EUR,1.37,,EEX EUA Primary Market Auction Report,https://public.eex-group.com/eex/eua-auction-report/emission-spot-primary-market-auction-report-2025-data.xlsx,2026-08-16T07:25Z,Official EEX public workbook parsed by build script; successful EUA primary auctions aggregated by auction date across EU.
EUA,2025-08-22,1607000,72.05,EUR,1.62,,EEX EUA Primary Market Auction Report,https://public.eex-group.com/eex/eua-auction-report/emission-spot-primary-market-auction-report-2025-data.xlsx,2026-08-16T07:25Z,Official EEX public workbook parsed by build script; successful EUA primary auctions aggregated by auction date across DE.
EUA,2025-08-25,3245500,71.36,EUR,1.55,,EEX EUA Primary Market Auction Report,https://public.eex-group.com/eex/eua-auction-report/emission-spot-primary-market-auction-report-2025-data.xlsx,2026-08-16T07:25Z,Official EEX public workbook parsed by build script; successful EUA primary auctions aggregated by auction date across EU.
EUA,2025-08-26,3245500,71.31,EUR,1.48,,EEX EUA Primary Market Auction Report,https://public.eex-group.com/eex/eua-auction-report/emission-spot-primary-market-auction-report-2025-data.xlsx,2026-08-16T07:25Z,Official EEX public workbook parsed by build script; successful EUA primary auctions aggregated by auction date across EU.
EUA,2025-08-28,3244500,71.18,EUR,1.39,,EEX EUA Primary Market Auction Report,https://public.eex-group.com/eex/eua-auction-report/emission-spot-primary-market-auction-report-2025-data.xlsx,2026-08-16T07:25Z,Official EEX public workbook parsed by build script; successful EUA primary auctions aggregated by auction date across EU.
EUA,2025-08-29,1614500,71.3,EUR,1.82,,EEX EUA Primary Market Auction Report,https://public.eex-group.com/eex/eua-auction-report/emission-spot-primary-market-auction-report-2025-data.xlsx,2026-08-16T07:25Z,Official EEX public workbook parsed by build script; successful EUA primary auctions aggregated by auction date across DE.
EUA,2025-09-01,3268000,73.14,EUR,1.34,,EEX EUA Primary Market Auction Report,https://public.eex-group.com/eex/eua-auction-report/emission-spot-primary-market-auction-report-2025-data.xlsx,2026-08-16T07:25Z,Official EEX public workbook parsed by build script; successful EUA primary auctions aggregated by auction date across EU.
EUA,2025-09-02,3268000,73.5,EUR,1.28,,EEX EUA Primary Market Auction Report,https://public.eex-group.com/eex/eua-auction-report/emission-spot-primary-market-auction-report-2025-data.xlsx,2026-08-16T07:25Z,Official EEX public workbook parsed by build script; successful EUA primary auctions aggregated by auction date across EU.
EUA,2025-09-03,2162500,73.27,EUR,1.44,,EEX EUA Primary Market Auction Report,https://public.eex-group.com/eex/eua-auction-report/emission-spot-primary-market-auction-report-2025-data.xlsx,2026-08-16T07:25Z,Official EEX public workbook parsed by build script; successful EUA primary auctions aggregated by auction date across PL.
EUA,2025-09-04,3268000,74.38,EUR,1.33,,EEX EUA Primary Market Auction Report,https://public.eex-group.com/eex/eua-auction-report/emission-spot-primary-market-auction-report-2025-data.xlsx,2026-08-16T07:25Z,Official EEX public workbook parsed by build script; successful EUA primary auctions aggregated by auction date across EU.
EUA,2025-09-05,1691000,75.44,EUR,1.75,,EEX EUA Primary Market Auction Report,https://public.eex-group.com/eex/eua-auction-report/emission-spot-primary-market-auction-report-2025-data.xlsx,2026-08-16T07:25Z,Official EEX public workbook parsed by build script; successful EUA primary auctions aggregated by auction date across DE.
EUA,2025-09-08,3268000,75.21,EUR,1.69,,EEX EUA Primary Market Auction Report,https://public.eex-group.com/eex/eua-auction-report/emission-spot-primary-market-auction-report-2025-data.xlsx,2026-08-16T07:25Z,Official EEX public workbook parsed by build script; successful EUA primary auctions aggregated by auction date across EU.
EUA,2025-09-09,3268000,76.4,EUR,1.56,,EEX EUA Primary Market Auction Report,https://public.eex-group.com/eex/eua-auction-report/emission-spot-primary-market-auction-report-2025-data.xlsx,2026-08-16T07:25Z,Official EEX public workbook parsed by build script; successful EUA primary auctions aggregated by auction date across EU.
EUA,2025-09-11,3268000,76.07,EUR,1.4,,EEX EUA Primary Market Auction Report,https://public.eex-group.com/eex/eua-auction-report/emission-spot-primary-market-auction-report-2025-data.xlsx,2026-08-16T07:25Z,Official EEX public workbook parsed by build script; successful EUA primary auctions aggregated by auction date across EU.
EUA,2025-09-12,1691000,75.02,EUR,2.08,,EEX EUA Primary Market Auction Report,https://public.eex-group.com/eex/eua-auction-report/emission-spot-primary-market-auction-report-2025-data.xlsx,2026-08-16T07:25Z,Official EEX public workbook parsed by build script; successful EUA primary auctions aggregated by auction date across DE.
EUA,2025-09-15,3268000,75.02,EUR,1.78,,EEX EUA Primary Market Auction Report,https://public.eex-group.com/eex/eua-auction-report/emission-spot-primary-market-auction-report-2025-data.xlsx,2026-08-16T07:25Z,Official EEX public workbook parsed by build script; successful EUA primary auctions aggregated by auction date across EU.
EUA,2025-09-16,3268000,76.17,EUR,1.68,,EEX EUA Primary Market Auction Report,https://public.eex-group.com/eex/eua-auction-report/emission-spot-primary-market-auction-report-2025-data.xlsx,2026-08-16T07:25Z,Official EEX public workbook parsed by build script; successful EUA primary auctions aggregated by auction date across EU.
EUA,2025-09-17,2162500,77.53,EUR,1.54,,EEX EUA Primary Market Auction Report,https://public.eex-group.com/eex/eua-auction-report/emission-spot-primary-market-auction-report-2025-data.xlsx,2026-08-16T07:25Z,Official EEX public workbook parsed by build script; successful EUA primary auctions aggregated by auction date across PL.
EUA,2025-09-18,3268000,77.22,EUR,1.59,,EEX EUA Primary Market Auction Report,https://public.eex-group.com/eex/eua-auction-report/emission-spot-primary-market-auction-report-2025-data.xlsx,2026-08-16T07:25Z,Official EEX public workbook parsed by build script; successful EUA primary auctions aggregated by auction date across EU.
EUA,2025-09-19,1691000,76.57,EUR,1.67,,EEX EUA Primary Market Auction Report,https://public.eex-group.com/eex/eua-auction-report/emission-spot-primary-market-auction-report-2025-data.xlsx,2026-08-16T07:25Z,Official EEX public workbook parsed by build script; successful EUA primary auctions aggregated by auction date across DE.
EUA,2025-09-22,3268000,76.8,EUR,1.49,,EEX EUA Primary Market Auction Report,https://public.eex-group.com/eex/eua-auction-report/emission-spot-primary-market-auction-report-2025-data.xlsx,2026-08-16T07:25Z,Official EEX public workbook parsed by build script; successful EUA primary auctions aggregated by auction date across EU.
EUA,2025-09-23,3268000,75.6,EUR,1.22,,EEX EUA Primary Market Auction Report,https://public.eex-group.com/eex/eua-auction-report/emission-spot-primary-market-auction-report-2025-data.xlsx,2026-08-16T07:25Z,Official EEX public workbook parsed by build script; successful EUA primary auctions aggregated by auction date across EU.
EUA,2025-09-25,3268000,75.56,EUR,1.08,,EEX EUA Primary Market Auction Report,https://public.eex-group.com/eex/eua-auction-report/emission-spot-primary-market-auction-report-2025-data.xlsx,2026-08-16T07:25Z,Official EEX public workbook parsed by build script; successful EUA primary auctions aggregated by auction date across EU.
EUA,2025-09-26,1691000,75.17,EUR,2.08,,EEX EUA Primary Market Auction Report,https://public.eex-group.com/eex/eua-auction-report/emission-spot-primary-market-auction-report-2025-data.xlsx,2026-08-16T07:25Z,Official EEX public workbook parsed by build script; successful EUA primary auctions aggregated by auction date across DE.
EUA,2025-09-29,3268000,75.2,EUR,1.51,,EEX EUA Primary Market Auction Report,https://public.eex-group.com/eex/eua-auction-report/emission-spot-primary-market-auction-report-2025-data.xlsx,2026-08-16T07:25Z,Official EEX public workbook parsed by build script; successful EUA primary auctions aggregated by auction date across EU.
EUA,2025-09-30,3268500,75.95,EUR,1.44,,EEX EUA Primary Market Auction Report,https://public.eex-group.com/eex/eua-auction-report/emission-spot-primary-market-auction-report-2025-data.xlsx,2026-08-16T07:25Z,Official EEX public workbook parsed by build script; successful EUA primary auctions aggregated by auction date across EU.
EUA,2025-10-01,2162500,74.3,EUR,1.43,,EEX EUA Primary Market Auction Report,https://public.eex-group.com/eex/eua-auction-report/emission-spot-primary-market-auction-report-2025-data.xlsx,2026-08-16T07:25Z,Official EEX public workbook parsed by build script; successful EUA primary auctions aggregated by auction date across PL.
EUA,2025-10-02,3268000,76.05,EUR,1.55,,EEX EUA Primary Market Auction Report,https://public.eex-group.com/eex/eua-auction-report/emission-spot-primary-market-auction-report-2025-data.xlsx,2026-08-16T07:25Z,Official EEX public workbook parsed by build script; successful EUA primary auctions aggregated by auction date across EU.
EUA,2025-10-06,3268000,79.19,EUR,1.63,,EEX EUA Primary Market Auction Report,https://public.eex-group.com/eex/eua-auction-report/emission-spot-primary-market-auction-report-2025-data.xlsx,2026-08-16T07:25Z,Official EEX public workbook parsed by build script; successful EUA primary auctions aggregated by auction date across EU.
EUA,2025-10-07,3268000,78.3,EUR,1.41,,EEX EUA Primary Market Auction Report,https://public.eex-group.com/eex/eua-auction-report/emission-spot-primary-market-auction-report-2025-data.xlsx,2026-08-16T07:25Z,Official EEX public workbook parsed by build script; successful EUA primary auctions aggregated by auction date across EU.
EUA,2025-10-08,796500,77.39,EUR,1.65,,EEX EUA Primary Market Auction Report,https://public.eex-group.com/eex/eua-auction-report/emission-spot-primary-market-auction-report-2025-data.xlsx,2026-08-16T07:25Z,Official EEX public workbook parsed by build script; successful EUA primary auctions aggregated by auction date across XI.
EUA,2025-10-09,3268000,77.95,EUR,1.6,,EEX EUA Primary Market Auction Report,https://public.eex-group.com/eex/eua-auction-report/emission-spot-primary-market-auction-report-2025-data.xlsx,2026-08-16T07:25Z,Official EEX public workbook parsed by build script; successful EUA primary auctions aggregated by auction date across EU.
EUA,2025-10-10,1691000,79.22,EUR,1.83,,EEX EUA Primary Market Auction Report,https://public.eex-group.com/eex/eua-auction-report/emission-spot-primary-market-auction-report-2025-data.xlsx,2026-08-16T07:25Z,Official EEX public workbook parsed by build script; successful EUA primary auctions aggregated by auction date across DE.
EUA,2025-10-13,3268000,78.66,EUR,1.46,,EEX EUA Primary Market Auction Report,https://public.eex-group.com/eex/eua-auction-report/emission-spot-primary-market-auction-report-2025-data.xlsx,2026-08-16T07:25Z,Official EEX public workbook parsed by build script; successful EUA primary auctions aggregated by auction date across EU.
EUA,2025-10-14,3268000,76.91,EUR,1.56,,EEX EUA Primary Market Auction Report,https://public.eex-group.com/eex/eua-auction-report/emission-spot-primary-market-auction-report-2025-data.xlsx,2026-08-16T07:25Z,Official EEX public workbook parsed by build script; successful EUA primary auctions aggregated by auction date across EU.
EUA,2025-10-15,2162500,76.58,EUR,1.86,,EEX EUA Primary Market Auction Report,https://public.eex-group.com/eex/eua-auction-report/emission-spot-primary-market-auction-report-2025-data.xlsx,2026-08-16T07:25Z,Official EEX public workbook parsed by build script; successful EUA primary auctions aggregated by auction date across PL.
EUA,2025-10-16,3268000,77.82,EUR,1.6,,EEX EUA Primary Market Auction Report,https://public.eex-group.com/eex/eua-auction-report/emission-spot-primary-market-auction-report-2025-data.xlsx,2026-08-16T07:25Z,Official EEX public workbook parsed by build script; successful EUA primary auctions aggregated by auction date across EU.
EUA,2025-10-17,1691000,77.99,EUR,1.98,,EEX EUA Primary Market Auction Report,https://public.eex-group.com/eex/eua-auction-report/emission-spot-primary-market-auction-report-2025-data.xlsx,2026-08-16T07:25Z,Official EEX public workbook parsed by build script; successful EUA primary auctions aggregated by auction date across DE.
EUA,2025-10-20,3268000,78.75,EUR,1.6,,EEX EUA Primary Market Auction Report,https://public.eex-group.com/eex/eua-auction-report/emission-spot-primary-market-auction-report-2025-data.xlsx,2026-08-16T07:25Z,Official EEX public workbook parsed by build script; successful EUA primary auctions aggregated by auction date across EU.
EUA,2025-10-21,3268000,78.94,EUR,1.72,,EEX EUA Primary Market Auction Report,https://public.eex-group.com/eex/eua-auction-report/emission-spot-primary-market-auction-report-2025-data.xlsx,2026-08-16T07:25Z,Official EEX public workbook parsed by build script; successful EUA primary auctions aggregated by auction date across EU.
EUA,2025-10-23,3268000,78.54,EUR,1.63,,EEX EUA Primary Market Auction Report,https://public.eex-group.com/eex/eua-auction-report/emission-spot-primary-market-auction-report-2025-data.xlsx,2026-08-16T07:25Z,Official EEX public workbook parsed by build script; successful EUA primary auctions aggregated by auction date across EU.
EUA,2025-10-24,1691000,78.47,EUR,2.03,,EEX EUA Primary Market Auction Report,https://public.eex-group.com/eex/eua-auction-report/emission-spot-primary-market-auction-report-2025-data.xlsx,2026-08-16T07:25Z,Official EEX public workbook parsed by build script; successful EUA primary auctions aggregated by auction date across DE.
EUA,2025-10-27,3268000,77.56,EUR,1.43,,EEX EUA Primary Market Auction Report,https://public.eex-group.com/eex/eua-auction-report/emission-spot-primary-market-auction-report-2025-data.xlsx,2026-08-16T07:25Z,Official EEX public workbook parsed by build script; successful EUA primary auctions aggregated by auction date across EU.
EUA,2025-10-28,3268000,77.85,EUR,1.62,,EEX EUA Primary Market Auction Report,https://public.eex-group.com/eex/eua-auction-report/emission-spot-primary-market-auction-report-2025-data.xlsx,2026-08-16T07:25Z,Official EEX public workbook parsed by build script; successful EUA primary auctions aggregated by auction date across EU.
EUA,2025-10-29,2162500,78.55,EUR,1.91,,EEX EUA Primary Market Auction Report,https://public.eex-group.com/eex/eua-auction-report/emission-spot-primary-market-auction-report-2025-data.xlsx,2026-08-16T07:25Z,Official EEX public workbook parsed by build script; successful EUA primary auctions aggregated by auction date across PL.
EUA,2025-10-30,3268000,78.71,EUR,1.6,,EEX EUA Primary Market Auction Report,https://public.eex-group.com/eex/eua-auction-report/emission-spot-primary-market-auction-report-2025-data.xlsx,2026-08-16T07:25Z,Official EEX public workbook parsed by build script; successful EUA primary auctions aggregated by auction date across EU.
EUA,2025-10-31,1691000,78.66,EUR,2.01,,EEX EUA Primary Market Auction Report,https://public.eex-group.com/eex/eua-auction-report/emission-spot-primary-market-auction-report-2025-data.xlsx,2026-08-16T07:25Z,Official EEX public workbook parsed by build script; successful EUA primary auctions aggregated by auction date across DE.
EUA,2025-11-03,3268000,79.3,EUR,1.61,,EEX EUA Primary Market Auction Report,https://public.eex-group.com/eex/eua-auction-report/emission-spot-primary-market-auction-report-2025-data.xlsx,2026-08-16T07:25Z,Official EEX public workbook parsed by build script; successful EUA primary auctions aggregated by auction date across EU.
EUA,2025-11-04,3268000,81.26,EUR,1.6,,EEX EUA Primary Market Auction Report,https://public.eex-group.com/eex/eua-auction-report/emission-spot-primary-market-auction-report-2025-data.xlsx,2026-08-16T07:25Z,Official EEX public workbook parsed by build script; successful EUA primary auctions aggregated by auction date across EU.
EUA,2025-11-06,3268000,80.07,EUR,1.53,,EEX EUA Primary Market Auction Report,https://public.eex-group.com/eex/eua-auction-report/emission-spot-primary-market-auction-report-2025-data.xlsx,2026-08-16T07:25Z,Official EEX public workbook parsed by build script; successful EUA primary auctions aggregated by auction date across EU.
EUA,2025-11-07,1691000,79.76,EUR,1.92,,EEX EUA Primary Market Auction Report,https://public.eex-group.com/eex/eua-auction-report/emission-spot-primary-market-auction-report-2025-data.xlsx,2026-08-16T07:25Z,Official EEX public workbook parsed by build script; successful EUA primary auctions aggregated by auction date across DE.
EUA,2025-11-10,3268000,79.97,EUR,1.54,,EEX EUA Primary Market Auction Report,https://public.eex-group.com/eex/eua-auction-report/emission-spot-primary-market-auction-report-2025-data.xlsx,2026-08-16T07:25Z,Official EEX public workbook parsed by build script; successful EUA primary auctions aggregated by auction date across EU.
EUA,2025-11-11,3268000,79.91,EUR,1.66,,EEX EUA Primary Market Auction Report,https://public.eex-group.com/eex/eua-auction-report/emission-spot-primary-market-auction-report-2025-data.xlsx,2026-08-16T07:25Z,Official EEX public workbook parsed by build script; successful EUA primary auctions aggregated by auction date across EU.
EUA,2025-11-12,2162500,81.51,EUR,1.7,,EEX EUA Primary Market Auction Report,https://public.eex-group.com/eex/eua-auction-report/emission-spot-primary-market-auction-report-2025-data.xlsx,2026-08-16T07:25Z,Official EEX public workbook parsed by build script; successful EUA primary auctions aggregated by auction date across PL.
EUA,2025-11-13,3268000,81.31,EUR,1.53,,EEX EUA Primary Market Auction Report,https://public.eex-group.com/eex/eua-auction-report/emission-spot-primary-market-auction-report-2025-data.xlsx,2026-08-16T07:25Z,Official EEX public workbook parsed by build script; successful EUA primary auctions aggregated by auction date across EU.
EUA,2025-11-14,1691000,80.85,EUR,2.17,,EEX EUA Primary Market Auction Report,https://public.eex-group.com/eex/eua-auction-report/emission-spot-primary-market-auction-report-2025-data.xlsx,2026-08-16T07:25Z,Official EEX public workbook parsed by build script; successful EUA primary auctions aggregated by auction date across DE.
EUA,2025-11-17,3268000,80.25,EUR,1.71,,EEX EUA Primary Market Auction Report,https://public.eex-group.com/eex/eua-auction-report/emission-spot-primary-market-auction-report-2025-data.xlsx,2026-08-16T07:25Z,Official EEX public workbook parsed by build script; successful EUA primary auctions aggregated by auction date across EU.
EUA,2025-11-18,3268000,80.41,EUR,1.77,,EEX EUA Primary Market Auction Report,https://public.eex-group.com/eex/eua-auction-report/emission-spot-primary-market-auction-report-2025-data.xlsx,2026-08-16T07:25Z,Official EEX public workbook parsed by build script; successful EUA primary auctions aggregated by auction date across EU.
EUA,2025-11-20,3268000,81.16,EUR,1.68,,EEX EUA Primary Market Auction Report,https://public.eex-group.com/eex/eua-auction-report/emission-spot-primary-market-auction-report-2025-data.xlsx,2026-08-16T07:25Z,Official EEX public workbook parsed by build script; successful EUA primary auctions aggregated by auction date across EU.
EUA,2025-11-21,1691000,80.47,EUR,1.9,,EEX EUA Primary Market Auction Report,https://public.eex-group.com/eex/eua-auction-report/emission-spot-primary-market-auction-report-2025-data.xlsx,2026-08-16T07:25Z,Official EEX public workbook parsed by build script; successful EUA primary auctions aggregated by auction date across DE.
EUA,2025-11-24,3268000,80.0,EUR,1.48,,EEX EUA Primary Market Auction Report,https://public.eex-group.com/eex/eua-auction-report/emission-spot-primary-market-auction-report-2025-data.xlsx,2026-08-16T07:25Z,Official EEX public workbook parsed by build script; successful EUA primary auctions aggregated by auction date across EU.
EUA,2025-11-25,3268000,81.19,EUR,1.5,,EEX EUA Primary Market Auction Report,https://public.eex-group.com/eex/eua-auction-report/emission-spot-primary-market-auction-report-2025-data.xlsx,2026-08-16T07:25Z,Official EEX public workbook parsed by build script; successful EUA primary auctions aggregated by auction date across EU.
EUA,2025-11-26,2162500,81.51,EUR,1.67,,EEX EUA Primary Market Auction Report,https://public.eex-group.com/eex/eua-auction-report/emission-spot-primary-market-auction-report-2025-data.xlsx,2026-08-16T07:25Z,Official EEX public workbook parsed by build script; successful EUA primary auctions aggregated by auction date across PL.
EUA,2025-11-27,3268000,81.07,EUR,1.62,,EEX EUA Primary Market Auction Report,https://public.eex-group.com/eex/eua-auction-report/emission-spot-primary-market-auction-report-2025-data.xlsx,2026-08-16T07:25Z,Official EEX public workbook parsed by build script; successful EUA primary auctions aggregated by auction date across EU.
EUA,2025-11-28,1691000,82.6,EUR,1.88,,EEX EUA Primary Market Auction Report,https://public.eex-group.com/eex/eua-auction-report/emission-spot-primary-market-auction-report-2025-data.xlsx,2026-08-16T07:25Z,Official EEX public workbook parsed by build script; successful EUA primary auctions aggregated by auction date across DE.
EUA,2025-12-01,3268000,83.01,EUR,1.41,,EEX EUA Primary Market Auction Report,https://public.eex-group.com/eex/eua-auction-report/emission-spot-primary-market-auction-report-2025-data.xlsx,2026-08-16T07:25Z,Official EEX public workbook parsed by build script; successful EUA primary auctions aggregated by auction date across EU.
EUA,2025-12-02,3268000,82.19,EUR,1.39,,EEX EUA Primary Market Auction Report,https://public.eex-group.com/eex/eua-auction-report/emission-spot-primary-market-auction-report-2025-data.xlsx,2026-08-16T07:25Z,Official EEX public workbook parsed by build script; successful EUA primary auctions aggregated by auction date across EU.
EUA,2025-12-04,3268000,81.39,EUR,1.61,,EEX EUA Primary Market Auction Report,https://public.eex-group.com/eex/eua-auction-report/emission-spot-primary-market-auction-report-2025-data.xlsx,2026-08-16T07:25Z,Official EEX public workbook parsed by build script; successful EUA primary auctions aggregated by auction date across EU.
EUA,2025-12-05,1691000,82.25,EUR,2.07,,EEX EUA Primary Market Auction Report,https://public.eex-group.com/eex/eua-auction-report/emission-spot-primary-market-auction-report-2025-data.xlsx,2026-08-16T07:25Z,Official EEX public workbook parsed by build script; successful EUA primary auctions aggregated by auction date across DE.
EUA,2025-12-08,3268000,82.17,EUR,1.63,,EEX EUA Primary Market Auction Report,https://public.eex-group.com/eex/eua-auction-report/emission-spot-primary-market-auction-report-2025-data.xlsx,2026-08-16T07:25Z,Official EEX public workbook parsed by build script; successful EUA primary auctions aggregated by auction date across EU.
EUA,2025-12-09,3268000,82.22,EUR,1.64,,EEX EUA Primary Market Auction Report,https://public.eex-group.com/eex/eua-auction-report/emission-spot-primary-market-auction-report-2025-data.xlsx,2026-08-16T07:25Z,Official EEX public workbook parsed by build script; successful EUA primary auctions aggregated by auction date across EU.
EUA,2025-12-10,2166000,82.18,EUR,1.57,,EEX EUA Primary Market Auction Report,https://public.eex-group.com/eex/eua-auction-report/emission-spot-primary-market-auction-report-2025-data.xlsx,2026-08-16T07:25Z,Official EEX public workbook parsed by build script; successful EUA primary auctions aggregated by auction date across PL.
EUA,2025-12-11,3268000,83.77,EUR,1.71,,EEX EUA Primary Market Auction Report,https://public.eex-group.com/eex/eua-auction-report/emission-spot-primary-market-auction-report-2025-data.xlsx,2026-08-16T07:25Z,Official EEX public workbook parsed by build script; successful EUA primary auctions aggregated by auction date across EU.
EUA,2025-12-12,1696000,83.65,EUR,2.06,,EEX EUA Primary Market Auction Report,https://public.eex-group.com/eex/eua-auction-report/emission-spot-primary-market-auction-report-2025-data.xlsx,2026-08-16T07:25Z,Official EEX public workbook parsed by build script; successful EUA primary auctions aggregated by auction date across DE.
EUA,2025-12-15,3273000,84.6,EUR,1.55,,EEX EUA Primary Market Auction Report,https://public.eex-group.com/eex/eua-auction-report/emission-spot-primary-market-auction-report-2025-data.xlsx,2026-08-16T07:25Z,Official EEX public workbook parsed by build script; successful EUA primary auctions aggregated by auction date across EU.
EUA,2026-01-07,1524500,86.27,EUR,2.13,,EEX EUA Primary Market Auction Report,https://public.eex-group.com/eex/eua-auction-report/emission-spot-primary-market-auction-report-2026-data.xlsx,2026-08-16T07:25Z,Official EEX public workbook parsed by build script; successful EUA primary auctions aggregated by auction date across listed auction regions.
EUA,2026-01-08,2712500,85.47,EUR,1.74,,EEX EUA Primary Market Auction Report,https://public.eex-group.com/eex/eua-auction-report/emission-spot-primary-market-auction-report-2026-data.xlsx,2026-08-16T07:25Z,Official EEX public workbook parsed by build script; successful EUA primary auctions aggregated by auction date across listed auction regions.
EUA,2026-01-09,1093000,87.0,EUR,2.73,,EEX EUA Primary Market Auction Report,https://public.eex-group.com/eex/eua-auction-report/emission-spot-primary-market-auction-report-2026-data.xlsx,2026-08-16T07:25Z,Official EEX public workbook parsed by build script; successful EUA primary auctions aggregated by auction date across listed auction regions.
EUA,2026-01-12,2712500,87.87,EUR,1.62,,EEX EUA Primary Market Auction Report,https://public.eex-group.com/eex/eua-auction-report/emission-spot-primary-market-auction-report-2026-data.xlsx,2026-08-16T07:25Z,Official EEX public workbook parsed by build script; successful EUA primary auctions aggregated by auction date across listed auction regions.
EUA,2026-01-13,2712500,88.71,EUR,1.57,,EEX EUA Primary Market Auction Report,https://public.eex-group.com/eex/eua-auction-report/emission-spot-primary-market-auction-report-2026-data.xlsx,2026-08-16T07:25Z,Official EEX public workbook parsed by build script; successful EUA primary auctions aggregated by auction date across listed auction regions.
EUA,2026-01-15,2712500,91.32,EUR,1.67,,EEX EUA Primary Market Auction Report,https://public.eex-group.com/eex/eua-auction-report/emission-spot-primary-market-auction-report-2026-data.xlsx,2026-08-16T07:25Z,Official EEX public workbook parsed by build script; successful EUA primary auctions aggregated by auction date across listed auction regions.
EUA,2026-01-16,1093000,91.34,EUR,2.73,,EEX EUA Primary Market Auction Report,https://public.eex-group.com/eex/eua-auction-report/emission-spot-primary-market-auction-report-2026-data.xlsx,2026-08-16T07:25Z,Official EEX public workbook parsed by build script; successful EUA primary auctions aggregated by auction date across listed auction regions.
EUA,2026-01-19,2712500,87.34,EUR,1.67,,EEX EUA Primary Market Auction Report,https://public.eex-group.com/eex/eua-auction-report/emission-spot-primary-market-auction-report-2026-data.xlsx,2026-08-16T07:25Z,Official EEX public workbook parsed by build script; successful EUA primary auctions aggregated by auction date across listed auction regions.
EUA,2026-01-20,2712500,84.58,EUR,1.67,,EEX EUA Primary Market Auction Report,https://public.eex-group.com/eex/eua-auction-report/emission-spot-primary-market-auction-report-2026-data.xlsx,2026-08-16T07:25Z,Official EEX public workbook parsed by build script; successful EUA primary auctions aggregated by auction date across listed auction regions.
EUA,2026-01-21,1524500,83.55,EUR,2.13,,EEX EUA Primary Market Auction Report,https://public.eex-group.com/eex/eua-auction-report/emission-spot-primary-market-auction-report-2026-data.xlsx,2026-08-16T07:25Z,Official EEX public workbook parsed by build script; successful EUA primary auctions aggregated by auction date across listed auction regions.
EUA,2026-01-22,2712500,86.55,EUR,1.48,,EEX EUA Primary Market Auction Report,https://public.eex-group.com/eex/eua-auction-report/emission-spot-primary-market-auction-report-2026-data.xlsx,2026-08-16T07:25Z,Official EEX public workbook parsed by build script; successful EUA primary auctions aggregated by auction date across listed auction regions.
EUA,2026-01-23,1093000,87.51,EUR,2.42,,EEX EUA Primary Market Auction Report,https://public.eex-group.com/eex/eua-auction-report/emission-spot-primary-market-auction-report-2026-data.xlsx,2026-08-16T07:25Z,Official EEX public workbook parsed by build script; successful EUA primary auctions aggregated by auction date across listed auction regions.
EUA,2026-01-26,2712500,86.4,EUR,1.48,,EEX EUA Primary Market Auction Report,https://public.eex-group.com/eex/eua-auction-report/emission-spot-primary-market-auction-report-2026-data.xlsx,2026-08-16T07:25Z,Official EEX public workbook parsed by build script; successful EUA primary auctions aggregated by auction date across listed auction regions.
EUA,2026-01-27,2712500,85.93,EUR,1.18,,EEX EUA Primary Market Auction Report,https://public.eex-group.com/eex/eua-auction-report/emission-spot-primary-market-auction-report-2026-data.xlsx,2026-08-16T07:25Z,Official EEX public workbook parsed by build script; successful EUA primary auctions aggregated by auction date across listed auction regions.
EUA,2026-01-29,2712500,82.58,EUR,1.51,,EEX EUA Primary Market Auction Report,https://public.eex-group.com/eex/eua-auction-report/emission-spot-primary-market-auction-report-2026-data.xlsx,2026-08-16T07:25Z,Official EEX public workbook parsed by build script; successful EUA primary auctions aggregated by auction date across listed auction regions.
EUA,2026-01-30,1093000,81.68,EUR,2.82,,EEX EUA Primary Market Auction Report,https://public.eex-group.com/eex/eua-auction-report/emission-spot-primary-market-auction-report-2026-data.xlsx,2026-08-16T07:25Z,Official EEX public workbook parsed by build script; successful EUA primary auctions aggregated by auction date across listed auction regions.
EUA,2026-02-02,2712500,80.57,EUR,1.3,,EEX EUA Primary Market Auction Report,https://public.eex-group.com/eex/eua-auction-report/emission-spot-primary-market-auction-report-2026-data.xlsx,2026-08-16T07:25Z,Official EEX public workbook parsed by build script; successful EUA primary auctions aggregated by auction date across listed auction regions.
EUA,2026-02-03,2712500,81.7,EUR,1.64,,EEX EUA Primary Market Auction Report,https://public.eex-group.com/eex/eua-auction-report/emission-spot-primary-market-auction-report-2026-data.xlsx,2026-08-16T07:25Z,Official EEX public workbook parsed by build script; successful EUA primary auctions aggregated by auction date across listed auction regions.
EUA,2026-02-04,1524500,80.8,EUR,2.03,,EEX EUA Primary Market Auction Report,https://public.eex-group.com/eex/eua-auction-report/emission-spot-primary-market-auction-report-2026-data.xlsx,2026-08-16T07:25Z,Official EEX public workbook parsed by build script; successful EUA primary auctions aggregated by auction date across listed auction regions.
EUA,2026-02-05,2712500,80.55,EUR,1.45,,EEX EUA Primary Market Auction Report,https://public.eex-group.com/eex/eua-auction-report/emission-spot-primary-market-auction-report-2026-data.xlsx,2026-08-16T07:25Z,Official EEX public workbook parsed by build script; successful EUA primary auctions aggregated by auction date across listed auction regions.
EUA,2026-02-06,1093000,77.23,EUR,2.5,,EEX EUA Primary Market Auction Report,https://public.eex-group.com/eex/eua-auction-report/emission-spot-primary-market-auction-report-2026-data.xlsx,2026-08-16T07:25Z,Official EEX public workbook parsed by build script; successful EUA primary auctions aggregated by auction date across listed auction regions.
EUA,2026-02-09,2712500,78.53,EUR,1.42,,EEX EUA Primary Market Auction Report,https://public.eex-group.com/eex/eua-auction-report/emission-spot-primary-market-auction-report-2026-data.xlsx,2026-08-16T07:25Z,Official EEX public workbook parsed by build script; successful EUA primary auctions aggregated by auction date across listed auction regions.
EUA,2026-02-10,2712500,79.2,EUR,1.43,,EEX EUA Primary Market Auction Report,https://public.eex-group.com/eex/eua-auction-report/emission-spot-primary-market-auction-report-2026-data.xlsx,2026-08-16T07:25Z,Official EEX public workbook parsed by build script; successful EUA primary auctions aggregated by auction date across listed auction regions.
EUA,2026-02-12,2712500,70.89,EUR,1.44,,EEX EUA Primary Market Auction Report,https://public.eex-group.com/eex/eua-auction-report/emission-spot-primary-market-auction-report-2026-data.xlsx,2026-08-16T07:25Z,Official EEX public workbook parsed by build script; successful EUA primary auctions aggregated by auction date across listed auction regions.
EUA,2026-02-13,1093000,71.5,EUR,2.85,,EEX EUA Primary Market Auction Report,https://public.eex-group.com/eex/eua-auction-report/emission-spot-primary-market-auction-report-2026-data.xlsx,2026-08-16T07:25Z,Official EEX public workbook parsed by build script; successful EUA primary auctions aggregated by auction date across listed auction regions.
EUA,2026-02-16,2712500,69.8,EUR,1.56,,EEX EUA Primary Market Auction Report,https://public.eex-group.com/eex/eua-auction-report/emission-spot-primary-market-auction-report-2026-data.xlsx,2026-08-16T07:25Z,Official EEX public workbook parsed by build script; successful EUA primary auctions aggregated by auction date across listed auction regions.
EUA,2026-02-17,2712500,67.82,EUR,1.61,,EEX EUA Primary Market Auction Report,https://public.eex-group.com/eex/eua-auction-report/emission-spot-primary-market-auction-report-2026-data.xlsx,2026-08-16T07:25Z,Official EEX public workbook parsed by build script; successful EUA primary auctions aggregated by auction date across listed auction regions.
EUA,2026-02-18,1524500,69.22,EUR,1.85,,EEX EUA Primary Market Auction Report,https://public.eex-group.com/eex/eua-auction-report/emission-spot-primary-market-auction-report-2026-data.xlsx,2026-08-16T07:25Z,Official EEX public workbook parsed by build script; successful EUA primary auctions aggregated by auction date across listed auction regions.
EUA,2026-02-19,2712500,70.51,EUR,1.63,,EEX EUA Primary Market Auction Report,https://public.eex-group.com/eex/eua-auction-report/emission-spot-primary-market-auction-report-2026-data.xlsx,2026-08-16T07:25Z,Official EEX public workbook parsed by build script; successful EUA primary auctions aggregated by auction date across listed auction regions.
EUA,2026-02-20,1093000,70.87,EUR,2.6,,EEX EUA Primary Market Auction Report,https://public.eex-group.com/eex/eua-auction-report/emission-spot-primary-market-auction-report-2026-data.xlsx,2026-08-16T07:25Z,Official EEX public workbook parsed by build script; successful EUA primary auctions aggregated by auction date across listed auction regions.
EUA,2026-02-23,2712500,70.4,EUR,1.04,,EEX EUA Primary Market Auction Report,https://public.eex-group.com/eex/eua-auction-report/emission-spot-primary-market-auction-report-2026-data.xlsx,2026-08-16T07:25Z,Official EEX public workbook parsed by build script; successful EUA primary auctions aggregated by auction date across listed auction regions.
EUA,2026-02-24,2712500,69.7,EUR,1.67,,EEX EUA Primary Market Auction Report,https://public.eex-group.com/eex/eua-auction-report/emission-spot-primary-market-auction-report-2026-data.xlsx,2026-08-16T07:25Z,Official EEX public workbook parsed by build script; successful EUA primary auctions aggregated by auction date across listed auction regions.
EUA,2026-02-26,2712500,68.37,EUR,1.58,,EEX EUA Primary Market Auction Report,https://public.eex-group.com/eex/eua-auction-report/emission-spot-primary-market-auction-report-2026-data.xlsx,2026-08-16T07:25Z,Official EEX public workbook parsed by build script; successful EUA primary auctions aggregated by auction date across listed auction regions.
EUA,2026-02-27,1093000,70.26,EUR,2.51,,EEX EUA Primary Market Auction Report,https://public.eex-group.com/eex/eua-auction-report/emission-spot-primary-market-auction-report-2026-data.xlsx,2026-08-16T07:25Z,Official EEX public workbook parsed by build script; successful EUA primary auctions aggregated by auction date across listed auction regions.
EUA,2026-03-02,2712500,68.42,EUR,1.63,,EEX EUA Primary Market Auction Report,https://public.eex-group.com/eex/eua-auction-report/emission-spot-primary-market-auction-report-2026-data.xlsx,2026-08-16T07:25Z,Official EEX public workbook parsed by build script; successful EUA primary auctions aggregated by auction date across listed auction regions.
EUA,2026-03-03,2712500,68.77,EUR,1.46,,EEX EUA Primary Market Auction Report,https://public.eex-group.com/eex/eua-auction-report/emission-spot-primary-market-auction-report-2026-data.xlsx,2026-08-16T07:25Z,Official EEX public workbook parsed by build script; successful EUA primary auctions aggregated by auction date across listed auction regions.
EUA,2026-03-04,1524500,70.75,EUR,1.77,,EEX EUA Primary Market Auction Report,https://public.eex-group.com/eex/eua-auction-report/emission-spot-primary-market-auction-report-2026-data.xlsx,2026-08-16T07:25Z,Official EEX public workbook parsed by build script; successful EUA primary auctions aggregated by auction date across listed auction regions.
EUA,2026-03-05,2712500,68.99,EUR,1.52,,EEX EUA Primary Market Auction Report,https://public.eex-group.com/eex/eua-auction-report/emission-spot-primary-market-auction-report-2026-data.xlsx,2026-08-16T07:25Z,Official EEX public workbook parsed by build script; successful EUA primary auctions aggregated by auction date across listed auction regions.
EUA,2026-03-06,1093000,69.66,EUR,2.5,,EEX EUA Primary Market Auction Report,https://public.eex-group.com/eex/eua-auction-report/emission-spot-primary-market-auction-report-2026-data.xlsx,2026-08-16T07:25Z,Official EEX public workbook parsed by build script; successful EUA primary auctions aggregated by auction date across listed auction regions.
EUA,2026-03-09,2712500,68.53,EUR,1.5,,EEX EUA Primary Market Auction Report,https://public.eex-group.com/eex/eua-auction-report/emission-spot-primary-market-auction-report-2026-data.xlsx,2026-08-16T07:25Z,Official EEX public workbook parsed by build script; successful EUA primary auctions aggregated by auction date across listed auction regions.
EUA,2026-03-10,2712500,71.1,EUR,1.5,,EEX EUA Primary Market Auction Report,https://public.eex-group.com/eex/eua-auction-report/emission-spot-primary-market-auction-report-2026-data.xlsx,2026-08-16T07:25Z,Official EEX public workbook parsed by build script; successful EUA primary auctions aggregated by auction date across listed auction regions.
EUA,2026-03-12,2712500,70.58,EUR,1.37,,EEX EUA Primary Market Auction Report,https://public.eex-group.com/eex/eua-auction-report/emission-spot-primary-market-auction-report-2026-data.xlsx,2026-08-16T07:25Z,Official EEX public workbook parsed by build script; successful EUA primary auctions aggregated by auction date across listed auction regions.
EUA,2026-03-13,1093000,67.07,EUR,1.72,,EEX EUA Primary Market Auction Report,https://public.eex-group.com/eex/eua-auction-report/emission-spot-primary-market-auction-report-2026-data.xlsx,2026-08-16T07:25Z,Official EEX public workbook parsed by build script; successful EUA primary auctions aggregated by auction date across listed auction regions.
EUA,2026-03-16,2712500,68.41,EUR,1.53,,EEX EUA Primary Market Auction Report,https://public.eex-group.com/eex/eua-auction-report/emission-spot-primary-market-auction-report-2026-data.xlsx,2026-08-16T07:25Z,Official EEX public workbook parsed by build script; successful EUA primary auctions aggregated by auction date across listed auction regions.
EUA,2026-03-17,2712500,64.52,EUR,1.34,,EEX EUA Primary Market Auction Report,https://public.eex-group.com/eex/eua-auction-report/emission-spot-primary-market-auction-report-2026-data.xlsx,2026-08-16T07:25Z,Official EEX public workbook parsed by build script; successful EUA primary auctions aggregated by auction date across listed auction regions.
EUA,2026-03-18,1524500,65.16,EUR,2.03,,EEX EUA Primary Market Auction Report,https://public.eex-group.com/eex/eua-auction-report/emission-spot-primary-market-auction-report-2026-data.xlsx,2026-08-16T07:25Z,Official EEX public workbook parsed by build script; successful EUA primary auctions aggregated by auction date across listed auction regions.
EUA,2026-03-19,2712500,62.19,EUR,1.31,,EEX EUA Primary Market Auction Report,https://public.eex-group.com/eex/eua-auction-report/emission-spot-primary-market-auction-report-2026-data.xlsx,2026-08-16T07:25Z,Official EEX public workbook parsed by build script; successful EUA primary auctions aggregated by auction date across listed auction regions.
EUA,2026-03-20,1093000,66.69,EUR,2.11,,EEX EUA Primary Market Auction Report,https://public.eex-group.com/eex/eua-auction-report/emission-spot-primary-market-auction-report-2026-data.xlsx,2026-08-16T07:25Z,Official EEX public workbook parsed by build script; successful EUA primary auctions aggregated by auction date across listed auction regions.
EUA,2026-03-23,2712500,64.7,EUR,1.37,,EEX EUA Primary Market Auction Report,https://public.eex-group.com/eex/eua-auction-report/emission-spot-primary-market-auction-report-2026-data.xlsx,2026-08-16T07:25Z,Official EEX public workbook parsed by build script; successful EUA primary auctions aggregated by auction date across listed auction regions.
EUA,2026-03-24,2712500,67.06,EUR,1.55,,EEX EUA Primary Market Auction Report,https://public.eex-group.com/eex/eua-auction-report/emission-spot-primary-market-auction-report-2026-data.xlsx,2026-08-16T07:25Z,Official EEX public workbook parsed by build script; successful EUA primary auctions aggregated by auction date across listed auction regions.
EUA,2026-03-26,2712500,69.12,EUR,1.6,,EEX EUA Primary Market Auction Report,https://public.eex-group.com/eex/eua-auction-report/emission-spot-primary-market-auction-report-2026-data.xlsx,2026-08-16T07:25Z,Official EEX public workbook parsed by build script; successful EUA primary auctions aggregated by auction date across listed auction regions.
EUA,2026-03-27,1093000,70.55,EUR,2.48,,EEX EUA Primary Market Auction Report,https://public.eex-group.com/eex/eua-auction-report/emission-spot-primary-market-auction-report-2026-data.xlsx,2026-08-16T07:25Z,Official EEX public workbook parsed by build script; successful EUA primary auctions aggregated by auction date across listed auction regions.
EUA,2026-03-30,2712500,70.0,EUR,1.67,,EEX EUA Primary Market Auction Report,https://public.eex-group.com/eex/eua-auction-report/emission-spot-primary-market-auction-report-2026-data.xlsx,2026-08-16T07:25Z,Official EEX public workbook parsed by build script; successful EUA primary auctions aggregated by auction date across listed auction regions.
EUA,2026-03-31,2728000,71.13,EUR,1.31,,EEX EUA Primary Market Auction Report,https://public.eex-group.com/eex/eua-auction-report/emission-spot-primary-market-auction-report-2026-data.xlsx,2026-08-16T07:25Z,Official EEX public workbook parsed by build script; successful EUA primary auctions aggregated by auction date across listed auction regions.
EUA,2026-04-01,1524500,71.56,EUR,1.8,,EEX EUA Primary Market Auction Report,https://public.eex-group.com/eex/eua-auction-report/emission-spot-primary-market-auction-report-2026-data.xlsx,2026-08-16T07:25Z,Official EEX public workbook parsed by build script; successful EUA primary auctions aggregated by auction date across listed auction regions.
EUA,2026-04-02,2712500,71.71,EUR,1.25,,EEX EUA Primary Market Auction Report,https://public.eex-group.com/eex/eua-auction-report/emission-spot-primary-market-auction-report-2026-data.xlsx,2026-08-16T07:25Z,Official EEX public workbook parsed by build script; successful EUA primary auctions aggregated by auction date across listed auction regions.
EUA,2026-04-07,2712500,70.6,EUR,1.39,,EEX EUA Primary Market Auction Report,https://public.eex-group.com/eex/eua-auction-report/emission-spot-primary-market-auction-report-2026-data.xlsx,2026-08-16T07:25Z,Official EEX public workbook parsed by build script; successful EUA primary auctions aggregated by auction date across listed auction regions.
EUA,2026-04-09,2712500,70.67,EUR,1.41,,EEX EUA Primary Market Auction Report,https://public.eex-group.com/eex/eua-auction-report/emission-spot-primary-market-auction-report-2026-data.xlsx,2026-08-16T07:25Z,Official EEX public workbook parsed by build script; successful EUA primary auctions aggregated by auction date across listed auction regions.
EUA,2026-04-10,1093000,72.0,EUR,2.07,,EEX EUA Primary Market Auction Report,https://public.eex-group.com/eex/eua-auction-report/emission-spot-primary-market-auction-report-2026-data.xlsx,2026-08-16T07:25Z,Official EEX public workbook parsed by build script; successful EUA primary auctions aggregated by auction date across listed auction regions.
EUA,2026-04-13,2712500,70.62,EUR,1.74,,EEX EUA Primary Market Auction Report,https://public.eex-group.com/eex/eua-auction-report/emission-spot-primary-market-auction-report-2026-data.xlsx,2026-08-16T07:25Z,Official EEX public workbook parsed by build script; successful EUA primary auctions aggregated by auction date across listed auction regions.
EUA,2026-04-14,2712500,72.1,EUR,1.65,,EEX EUA Primary Market Auction Report,https://public.eex-group.com/eex/eua-auction-report/emission-spot-primary-market-auction-report-2026-data.xlsx,2026-08-16T07:25Z,Official EEX public workbook parsed by build script; successful EUA primary auctions aggregated by auction date across listed auction regions.
EUA,2026-04-15,1524500,73.57,EUR,1.48,,EEX EUA Primary Market Auction Report,https://public.eex-group.com/eex/eua-auction-report/emission-spot-primary-market-auction-report-2026-data.xlsx,2026-08-16T07:25Z,Official EEX public workbook parsed by build script; successful EUA primary auctions aggregated by auction date across listed auction regions.
EUA,2026-04-16,2712500,72.4,EUR,1.61,,EEX EUA Primary Market Auction Report,https://public.eex-group.com/eex/eua-auction-report/emission-spot-primary-market-auction-report-2026-data.xlsx,2026-08-16T07:25Z,Official EEX public workbook parsed by build script; successful EUA primary auctions aggregated by auction date across listed auction regions.
EUA,2026-04-17,1093000,75.9,EUR,2.11,,EEX EUA Primary Market Auction Report,https://public.eex-group.com/eex/eua-auction-report/emission-spot-primary-market-auction-report-2026-data.xlsx,2026-08-16T07:25Z,Official EEX public workbook parsed by build script; successful EUA primary auctions aggregated by auction date across listed auction regions.
EUA,2026-04-20,2712500,74.84,EUR,1.49,,EEX EUA Primary Market Auction Report,https://public.eex-group.com/eex/eua-auction-report/emission-spot-primary-market-auction-report-2026-data.xlsx,2026-08-16T07:25Z,Official EEX public workbook parsed by build script; successful EUA primary auctions aggregated by auction date across listed auction regions.
EUA,2026-04-21,2712500,73.9,EUR,1.44,,EEX EUA Primary Market Auction Report,https://public.eex-group.com/eex/eua-auction-report/emission-spot-primary-market-auction-report-2026-data.xlsx,2026-08-16T07:25Z,Official EEX public workbook parsed by build script; successful EUA primary auctions aggregated by auction date across listed auction regions.
EUA,2026-04-23,2712500,73.63,EUR,1.51,,EEX EUA Primary Market Auction Report,https://public.eex-group.com/eex/eua-auction-report/emission-spot-primary-market-auction-report-2026-data.xlsx,2026-08-16T07:25Z,Official EEX public workbook parsed by build script; successful EUA primary auctions aggregated by auction date across listed auction regions.
EUA,2026-04-24,1093000,74.03,EUR,1.63,,EEX EUA Primary Market Auction Report,https://public.eex-group.com/eex/eua-auction-report/emission-spot-primary-market-auction-report-2026-data.xlsx,2026-08-16T07:25Z,Official EEX public workbook parsed by build script; successful EUA primary auctions aggregated by auction date across listed auction regions.
EUA,2026-04-27,2712500,73.2,EUR,1.53,,EEX EUA Primary Market Auction Report,https://public.eex-group.com/eex/eua-auction-report/emission-spot-primary-market-auction-report-2026-data.xlsx,2026-08-16T07:25Z,Official EEX public workbook parsed by build script; successful EUA primary auctions aggregated by auction date across listed auction regions.
EUA,2026-04-28,2712500,74.14,EUR,1.75,,EEX EUA Primary Market Auction Report,https://public.eex-group.com/eex/eua-auction-report/emission-spot-primary-market-auction-report-2026-data.xlsx,2026-08-16T07:25Z,Official EEX public workbook parsed by build script; successful EUA primary auctions aggregated by auction date across listed auction regions.
EUA,2026-04-29,1524500,73.96,EUR,1.7,,EEX EUA Primary Market Auction Report,https://public.eex-group.com/eex/eua-auction-report/emission-spot-primary-market-auction-report-2026-data.xlsx,2026-08-16T07:25Z,Official EEX public workbook parsed by build script; successful EUA primary auctions aggregated by auction date across listed auction regions.
EUA,2026-04-30,2712500,71.8,EUR,1.46,,EEX EUA Primary Market Auction Report,https://public.eex-group.com/eex/eua-auction-report/emission-spot-primary-market-auction-report-2026-data.xlsx,2026-08-16T07:25Z,Official EEX public workbook parsed by build script; successful EUA primary auctions aggregated by auction date across listed auction regions.
EUA,2026-05-04,2712500,72.65,EUR,1.53,,EEX EUA Primary Market Auction Report,https://public.eex-group.com/eex/eua-auction-report/emission-spot-primary-market-auction-report-2026-data.xlsx,2026-08-16T07:25Z,Official EEX public workbook parsed by build script; successful EUA primary auctions aggregated by auction date across listed auction regions.
EUA,2026-05-05,2712500,72.63,EUR,1.6,,EEX EUA Primary Market Auction Report,https://public.eex-group.com/eex/eua-auction-report/emission-spot-primary-market-auction-report-2026-data.xlsx,2026-08-16T07:25Z,Official EEX public workbook parsed by build script; successful EUA primary auctions aggregated by auction date across listed auction regions.
EUA,2026-05-07,2712500,74.72,EUR,1.53,,EEX EUA Primary Market Auction Report,https://public.eex-group.com/eex/eua-auction-report/emission-spot-primary-market-auction-report-2026-data.xlsx,2026-08-16T07:25Z,Official EEX public workbook parsed by build script; successful EUA primary auctions aggregated by auction date across listed auction regions.
EUA,2026-05-08,1093000,74.16,EUR,2.02,,EEX EUA Primary Market Auction Report,https://public.eex-group.com/eex/eua-auction-report/emission-spot-primary-market-auction-report-2026-data.xlsx,2026-08-16T07:25Z,Official EEX public workbook parsed by build script; successful EUA primary auctions aggregated by auction date across listed auction regions.
EUA,2026-05-11,2712500,73.82,EUR,1.37,,EEX EUA Primary Market Auction Report,https://public.eex-group.com/eex/eua-auction-report/emission-spot-primary-market-auction-report-2026-data.xlsx,2026-08-16T07:25Z,Official EEX public workbook parsed by build script; successful EUA primary auctions aggregated by auction date across listed auction regions.
EUA,2026-05-12,2712500,75.0,EUR,1.24,,EEX EUA Primary Market Auction Report,https://public.eex-group.com/eex/eua-auction-report/emission-spot-primary-market-auction-report-2026-data.xlsx,2026-08-16T07:25Z,Official EEX public workbook parsed by build script; successful EUA primary auctions aggregated by auction date across listed auction regions.
EUA,2026-05-13,1524500,73.31,EUR,1.84,,EEX EUA Primary Market Auction Report,https://public.eex-group.com/eex/eua-auction-report/emission-spot-primary-market-auction-report-2026-data.xlsx,2026-08-16T07:25Z,Official EEX public workbook parsed by build script; successful EUA primary auctions aggregated by auction date across listed auction regions.
EUA,2026-05-18,2712500,74.75,EUR,1.59,,EEX EUA Primary Market Auction Report,https://public.eex-group.com/eex/eua-auction-report/emission-spot-primary-market-auction-report-2026-data.xlsx,2026-08-16T07:25Z,Official EEX public workbook parsed by build script; successful EUA primary auctions aggregated by auction date across listed auction regions.
EUA,2026-05-19,2712500,74.26,EUR,1.57,,EEX EUA Primary Market Auction Report,https://public.eex-group.com/eex/eua-auction-report/emission-spot-primary-market-auction-report-2026-data.xlsx,2026-08-16T07:25Z,Official EEX public workbook parsed by build script; successful EUA primary auctions aggregated by auction date across listed auction regions.
EUA,2026-05-21,2712500,73.85,EUR,1.56,,EEX EUA Primary Market Auction Report,https://public.eex-group.com/eex/eua-auction-report/emission-spot-primary-market-auction-report-2026-data.xlsx,2026-08-16T07:25Z,Official EEX public workbook parsed by build script; successful EUA primary auctions aggregated by auction date across listed auction regions.
EUA,2026-05-22,1093000,74.4,EUR,1.85,,EEX EUA Primary Market Auction Report,https://public.eex-group.com/eex/eua-auction-report/emission-spot-primary-market-auction-report-2026-data.xlsx,2026-08-16T07:25Z,Official EEX public workbook parsed by build script; successful EUA primary auctions aggregated by auction date across listed auction regions.
EUA,2026-05-26,2712500,75.7,EUR,1.34,,EEX EUA Primary Market Auction Report,https://public.eex-group.com/eex/eua-auction-report/emission-spot-primary-market-auction-report-2026-data.xlsx,2026-08-16T07:25Z,Official EEX public workbook parsed by build script; successful EUA primary auctions aggregated by auction date across listed auction regions.
EUA,2026-05-27,1524500,77.96,EUR,1.54,,EEX EUA Primary Market Auction Report,https://public.eex-group.com/eex/eua-auction-report/emission-spot-primary-market-auction-report-2026-data.xlsx,2026-08-16T07:25Z,Official EEX public workbook parsed by build script; successful EUA primary auctions aggregated by auction date across listed auction regions.
EUA,2026-05-28,2712500,77.67,EUR,1.3,,EEX EUA Primary Market Auction Report,https://public.eex-group.com/eex/eua-auction-report/emission-spot-primary-market-auction-report-2026-data.xlsx,2026-08-16T07:25Z,Official EEX public workbook parsed by build script; successful EUA primary auctions aggregated by auction date across listed auction regions.
EUA,2026-05-29,1093000,79.37,EUR,2.05,,EEX EUA Primary Market Auction Report,https://public.eex-group.com/eex/eua-auction-report/emission-spot-primary-market-auction-report-2026-data.xlsx,2026-08-16T07:25Z,Official EEX public workbook parsed by build script; successful EUA primary auctions aggregated by auction date across listed auction regions.
EUA,2026-06-01,3198500,78.2,EUR,1.44,,EEX EUA Primary Market Auction Report,https://public.eex-group.com/eex/eua-auction-report/emission-spot-primary-market-auction-report-2026-data.xlsx,2026-08-16T07:25Z,Official EEX public workbook parsed by build script; successful EUA primary auctions aggregated by auction date across listed auction regions.
EUA,2026-06-02,3198500,77.15,EUR,1.25,,EEX EUA Primary Market Auction Report,https://public.eex-group.com/eex/eua-auction-report/emission-spot-primary-market-auction-report-2026-data.xlsx,2026-08-16T07:25Z,Official EEX public workbook parsed by build script; successful EUA primary auctions aggregated by auction date across listed auction regions.
EUA,2026-06-04,3198500,76.96,EUR,1.25,,EEX EUA Primary Market Auction Report,https://public.eex-group.com/eex/eua-auction-report/emission-spot-primary-market-auction-report-2026-data.xlsx,2026-08-16T07:25Z,Official EEX public workbook parsed by build script; successful EUA primary auctions aggregated by auction date across listed auction regions.
EUA,2026-06-05,1000000,76.3,EUR,2.2,,EEX EUA Primary Market Auction Report,https://public.eex-group.com/eex/eua-auction-report/emission-spot-primary-market-auction-report-2026-data.xlsx,2026-08-16T07:25Z,Official EEX public workbook parsed by build script; successful EUA primary auctions aggregated by auction date across listed auction regions.
EUA,2026-06-08,3198500,75.08,EUR,1.58,,EEX EUA Primary Market Auction Report,https://public.eex-group.com/eex/eua-auction-report/emission-spot-primary-market-auction-report-2026-data.xlsx,2026-08-16T07:25Z,Official EEX public workbook parsed by build script; successful EUA primary auctions aggregated by auction date across listed auction regions.
EUA,2026-06-09,3198500,75.11,EUR,1.38,,EEX EUA Primary Market Auction Report,https://public.eex-group.com/eex/eua-auction-report/emission-spot-primary-market-auction-report-2026-data.xlsx,2026-08-16T07:25Z,Official EEX public workbook parsed by build script; successful EUA primary auctions aggregated by auction date across listed auction regions.
EUA,2026-06-10,1380000,74.97,EUR,1.89,,EEX EUA Primary Market Auction Report,https://public.eex-group.com/eex/eua-auction-report/emission-spot-primary-market-auction-report-2026-data.xlsx,2026-08-16T07:25Z,Official EEX public workbook parsed by build script; successful EUA primary auctions aggregated by auction date across listed auction regions.
EUA,2026-06-11,3198500,75.62,EUR,1.17,,EEX EUA Primary Market Auction Report,https://public.eex-group.com/eex/eua-auction-report/emission-spot-primary-market-auction-report-2026-data.xlsx,2026-08-16T07:25Z,Official EEX public workbook parsed by build script; successful EUA primary auctions aggregated by auction date across listed auction regions.
EUA,2026-06-12,1000000,76.82,EUR,2.1,,EEX EUA Primary Market Auction Report,https://public.eex-group.com/eex/eua-auction-report/emission-spot-primary-market-auction-report-2026-data.xlsx,2026-08-16T07:25Z,Official EEX public workbook parsed by build script; successful EUA primary auctions aggregated by auction date across listed auction regions.
EUA,2026-06-15,3198500,77.01,EUR,1.32,,EEX EUA Primary Market Auction Report,https://public.eex-group.com/eex/eua-auction-report/emission-spot-primary-market-auction-report-2026-data.xlsx,2026-08-16T07:25Z,Official EEX public workbook parsed by build script; successful EUA primary auctions aggregated by auction date across listed auction regions.
EUA,2026-06-16,3198500,78.61,EUR,1.34,,EEX EUA Primary Market Auction Report,https://public.eex-group.com/eex/eua-auction-report/emission-spot-primary-market-auction-report-2026-data.xlsx,2026-08-16T07:25Z,Official EEX public workbook parsed by build script; successful EUA primary auctions aggregated by auction date across listed auction regions.
EUA,2026-06-18,3198500,78.57,EUR,1.43,,EEX EUA Primary Market Auction Report,https://public.eex-group.com/eex/eua-auction-report/emission-spot-primary-market-auction-report-2026-data.xlsx,2026-08-16T07:25Z,Official EEX public workbook parsed by build script; successful EUA primary auctions aggregated by auction date across listed auction regions.
EUA,2026-06-19,1000000,79.12,EUR,2.19,,EEX EUA Primary Market Auction Report,https://public.eex-group.com/eex/eua-auction-report/emission-spot-primary-market-auction-report-2026-data.xlsx,2026-08-16T07:25Z,Official EEX public workbook parsed by build script; successful EUA primary auctions aggregated by auction date across listed auction regions.
EUA,2026-06-22,3198500,79.04,EUR,1.42,,EEX EUA Primary Market Auction Report,https://public.eex-group.com/eex/eua-auction-report/emission-spot-primary-market-auction-report-2026-data.xlsx,2026-08-16T07:25Z,Official EEX public workbook parsed by build script; successful EUA primary auctions aggregated by auction date across listed auction regions.
EUA,2026-06-23,2817500,80.1,EUR,1.44,,EEX EUA Primary Market Auction Report,https://public.eex-group.com/eex/eua-auction-report/emission-spot-primary-market-auction-report-2026-data.xlsx,2026-08-16T07:25Z,Official EEX public workbook parsed by build script; successful EUA primary auctions aggregated by auction date across listed auction regions.
EUA,2026-06-24,1380000,80.43,EUR,1.81,,EEX EUA Primary Market Auction Report,https://public.eex-group.com/eex/eua-auction-report/emission-spot-primary-market-auction-report-2026-data.xlsx,2026-08-16T07:25Z,Official EEX public workbook parsed by build script; successful EUA primary auctions aggregated by auction date across listed auction regions.
EUA,2026-06-25,2817500,80.38,EUR,1.56,,EEX EUA Primary Market Auction Report,https://public.eex-group.com/eex/eua-auction-report/emission-spot-primary-market-auction-report-2026-data.xlsx,2026-08-16T07:25Z,Official EEX public workbook parsed by build script; successful EUA primary auctions aggregated by auction date across listed auction regions.
EUA,2026-06-26,1000000,79.72,EUR,1.9,,EEX EUA Primary Market Auction Report,https://public.eex-group.com/eex/eua-auction-report/emission-spot-primary-market-auction-report-2026-data.xlsx,2026-08-16T07:25Z,Official EEX public workbook parsed by build script; successful EUA primary auctions aggregated by auction date across listed auction regions.
EUA,2026-06-29,2817500,79.01,EUR,1.44,,EEX EUA Primary Market Auction Report,https://public.eex-group.com/eex/eua-auction-report/emission-spot-primary-market-auction-report-2026-data.xlsx,2026-08-16T07:25Z,Official EEX public workbook parsed by build script; successful EUA primary auctions aggregated by auction date across listed auction regions.
EUA,2026-06-30,2818000,78.13,EUR,1.5,,EEX EUA Primary Market Auction Report,https://public.eex-group.com/eex/eua-auction-report/emission-spot-primary-market-auction-report-2026-data.xlsx,2026-08-16T07:25Z,Official EEX public workbook parsed by build script; successful EUA primary auctions aggregated by auction date across listed auction regions.
EUA,2026-07-02,2817500,78.62,EUR,1.25,,EEX EUA Primary Market Auction Report,https://public.eex-group.com/eex/eua-auction-report/emission-spot-primary-market-auction-report-2026-data.xlsx,2026-08-16T07:25Z,Official EEX public workbook parsed by build script; successful EUA primary auctions aggregated by auction date across listed auction regions.
EUA,2026-07-03,1000000,79.0,EUR,2.26,,EEX EUA Primary Market Auction Report,https://public.eex-group.com/eex/eua-auction-report/emission-spot-primary-market-auction-report-2026-data.xlsx,2026-08-16T07:25Z,Official EEX public workbook parsed by build script; successful EUA primary auctions aggregated by auction date across listed auction regions.
EUA,2026-07-06,2817500,78.88,EUR,1.45,,EEX EUA Primary Market Auction Report,https://public.eex-group.com/eex/eua-auction-report/emission-spot-primary-market-auction-report-2026-data.xlsx,2026-08-16T07:25Z,Official EEX public workbook parsed by build script; successful EUA primary auctions aggregated by auction date across listed auction regions.
EUA,2026-07-07,2817500,80.11,EUR,1.37,,EEX EUA Primary Market Auction Report,https://public.eex-group.com/eex/eua-auction-report/emission-spot-primary-market-auction-report-2026-data.xlsx,2026-08-16T07:25Z,Official EEX public workbook parsed by build script; successful EUA primary auctions aggregated by auction date across listed auction regions.
EUA,2026-07-08,1380000,79.23,EUR,1.81,,EEX EUA Primary Market Auction Report,https://public.eex-group.com/eex/eua-auction-report/emission-spot-primary-market-auction-report-2026-data.xlsx,2026-08-16T07:25Z,Official EEX public workbook parsed by build script; successful EUA primary auctions aggregated by auction date across listed auction regions.
EUA,2026-07-09,2817500,77.7,EUR,1.57,,EEX EUA Primary Market Auction Report,https://public.eex-group.com/eex/eua-auction-report/emission-spot-primary-market-auction-report-2026-data.xlsx,2026-08-16T07:25Z,Official EEX public workbook parsed by build script; successful EUA primary auctions aggregated by auction date across listed auction regions.
EUA,2026-07-10,1000000,78.03,EUR,1.99,,EEX EUA Primary Market Auction Report,https://public.eex-group.com/eex/eua-auction-report/emission-spot-primary-market-auction-report-2026-data.xlsx,2026-08-16T07:25Z,Official EEX public workbook parsed by build script; successful EUA primary auctions aggregated by auction date across listed auction regions.
EUA,2026-07-13,2817500,78.48,EUR,1.56,,EEX EUA Primary Market Auction Report,https://public.eex-group.com/eex/eua-auction-report/emission-spot-primary-market-auction-report-2026-data.xlsx,2026-08-16T07:25Z,Official EEX public workbook parsed by build script; successful EUA primary auctions aggregated by auction date across listed auction regions.
EUA,2026-07-14,2246500,79.56,EUR,1.62,,EEX EUA Primary Market Auction Report,https://public.eex-group.com/eex/eua-auction-report/emission-spot-primary-market-auction-report-2026-data.xlsx,2026-08-16T07:25Z,Official EEX public workbook parsed by build script; successful EUA primary auctions aggregated by auction date across listed auction regions.
EUA,2026-07-16,2246500,79.01,EUR,1.68,,EEX EUA Primary Market Auction Report,https://public.eex-group.com/eex/eua-auction-report/emission-spot-primary-market-auction-report-2026-data.xlsx,2026-08-16T07:25Z,Official EEX public workbook parsed by build script; successful EUA primary auctions aggregated by auction date across listed auction regions.
EUA,2026-07-17,1000000,77.0,EUR,2.28,,EEX EUA Primary Market Auction Report,https://public.eex-group.com/eex/eua-auction-report/emission-spot-primary-market-auction-report-2026-data.xlsx,2026-08-16T07:25Z,Official EEX public workbook parsed by build script; successful EUA primary auctions aggregated by auction date across listed auction regions.
EUA,2026-07-20,2246500,79.61,EUR,1.68,,EEX EUA Primary Market Auction Report,https://public.eex-group.com/eex/eua-auction-report/emission-spot-primary-market-auction-report-2026-data.xlsx,2026-08-16T07:25Z,Official EEX public workbook parsed by build script; successful EUA primary auctions aggregated by auction date across listed auction regions.
EUA,2026-07-21,2246500,82.55,EUR,1.38,,EEX EUA Primary Market Auction Report,https://public.eex-group.com/eex/eua-auction-report/emission-spot-primary-market-auction-report-2026-data.xlsx,2026-08-16T07:25Z,Official EEX public workbook parsed by build script; successful EUA primary auctions aggregated by auction date across listed auction regions.
EUA,2026-07-22,1380000,83.91,EUR,1.54,,EEX EUA Primary Market Auction Report,https://public.eex-group.com/eex/eua-auction-report/emission-spot-primary-market-auction-report-2026-data.xlsx,2026-08-16T07:25Z,Official EEX public workbook parsed by build script; successful EUA primary auctions aggregated by auction date across listed auction regions.
EUA,2026-07-23,2246500,84.62,EUR,1.17,,EEX EUA Primary Market Auction Report,https://public.eex-group.com/eex/eua-auction-report/emission-spot-primary-market-auction-report-2026-data.xlsx,2026-08-16T07:25Z,Official EEX public workbook parsed by build script; successful EUA primary auctions aggregated by auction date across listed auction regions.
EUA,2026-07-24,1000000,83.07,EUR,1.64,,EEX EUA Primary Market Auction Report,https://public.eex-group.com/eex/eua-auction-report/emission-spot-primary-market-auction-report-2026-data.xlsx,2026-08-16T07:25Z,Official EEX public workbook parsed by build script; successful EUA primary auctions aggregated by auction date across listed auction regions.
EUA,2026-07-27,2246500,82.28,EUR,1.65,,EEX EUA Primary Market Auction Report,https://public.eex-group.com/eex/eua-auction-report/emission-spot-primary-market-auction-report-2026-data.xlsx,2026-08-16T07:25Z,Official EEX public workbook parsed by build script; successful EUA primary auctions aggregated by auction date across listed auction regions.
EUA,2026-07-28,2246500,81.4,EUR,1.47,,EEX EUA Primary Market Auction Report,https://public.eex-group.com/eex/eua-auction-report/emission-spot-primary-market-auction-report-2026-data.xlsx,2026-08-16T07:25Z,Official EEX public workbook parsed by build script; successful EUA primary auctions aggregated by auction date across listed auction regions.
EUA,2026-07-30,2246500,80.93,EUR,1.53,,EEX EUA Primary Market Auction Report,https://public.eex-group.com/eex/eua-auction-report/emission-spot-primary-market-auction-report-2026-data.xlsx,2026-08-16T07:25Z,Official EEX public workbook parsed by build script; successful EUA primary auctions aggregated by auction date across listed auction regions.
EUA,2026-07-31,1000000,81.22,EUR,1.72,,EEX EUA Primary Market Auction Report,https://public.eex-group.com/eex/eua-auction-report/emission-spot-primary-market-auction-report-2026-data.xlsx,2026-08-16T07:25Z,Official EEX public workbook parsed by build script; successful EUA primary auctions aggregated by auction date across listed auction regions.
EUA,2026-08-03,2246500,80.43,EUR,1.79,,EEX EUA Primary Market Auction Report,https://public.eex-group.com/eex/eua-auction-report/emission-spot-primary-market-auction-report-2026-data.xlsx,2026-08-16T07:25Z,Official EEX public workbook parsed by build script; successful EUA primary auctions aggregated by auction date across listed auction regions.
EUA,2026-08-04,2246500,80.86,EUR,1.79,,EEX EUA Primary Market Auction Report,https://public.eex-group.com/eex/eua-auction-report/emission-spot-primary-market-auction-report-2026-data.xlsx,2026-08-16T07:25Z,Official EEX public workbook parsed by build script; successful EUA primary auctions aggregated by auction date across listed auction regions.
EUA,2026-08-05,1380000,80.57,EUR,1.78,,EEX EUA Primary Market Auction Report,https://public.eex-group.com/eex/eua-auction-report/emission-spot-primary-market-auction-report-2026-data.xlsx,2026-08-16T07:25Z,Official EEX public workbook parsed by build script; successful EUA primary auctions aggregated by auction date across listed auction regions.
EUA,2026-08-06,2246500,80.74,EUR,1.63,,EEX EUA Primary Market Auction Report,https://public.eex-group.com/eex/eua-auction-report/emission-spot-primary-market-auction-report-2026-data.xlsx,2026-08-16T07:25Z,Official EEX public workbook parsed by build script; successful EUA primary auctions aggregated by auction date across listed auction regions.
EUA,2026-08-07,1000000,81.9,EUR,1.99,,EEX EUA Primary Market Auction Report,https://public.eex-group.com/eex/eua-auction-report/emission-spot-primary-market-auction-report-2026-data.xlsx,2026-08-16T07:25Z,Official EEX public workbook parsed by build script; successful EUA primary auctions aggregated by auction date across listed auction regions.
EUA,2026-08-10,2246500,81.36,EUR,1.31,,EEX EUA Primary Market Auction Report,https://public.eex-group.com/eex/eua-auction-report/emission-spot-primary-market-auction-report-2026-data.xlsx,2026-08-16T07:25Z,Official EEX public workbook parsed by build script; successful EUA primary auctions aggregated by auction date across listed auction regions.
EUA,2026-08-11,2246500,81.25,EUR,1.65,,EEX EUA Primary Market Auction Report,https://public.eex-group.com/eex/eua-auction-report/emission-spot-primary-market-auction-report-2026-data.xlsx,2026-08-16T07:25Z,Official EEX public workbook parsed by build script; successful EUA primary auctions aggregated by auction date across listed auction regions.
EUA,2026-08-13,2246500,81.75,EUR,1.52,,EEX EUA Primary Market Auction Report,https://public.eex-group.com/eex/eua-auction-report/emission-spot-primary-market-auction-report-2026-data.xlsx,2026-08-16T07:25Z,Official EEX public workbook parsed by build script; successful EUA primary auctions aggregated by auction date across listed auction regions.
EUA,2026-08-14,1000000,82.44,EUR,2.23,,EEX EUA Primary Market Auction Report,https://public.eex-group.com/eex/eua-auction-report/emission-spot-primary-market-auction-report-2026-data.xlsx,2026-08-16T07:25Z,Official EEX public workbook parsed by build script; successful EUA primary auctions aggregated by auction date across listed auction regions.
